-- MySQL dump 10.13  Distrib 5.7.17, for macos10.12 (x86_64)
--
-- Host: localhost    Database: c0220h1dbt
-- ------------------------------------------------------
-- Server version	8.0.11

/*!40101 SET @OLD_CHARACTER_SET_CLIENT=@@CHARACTER_SET_CLIENT */;
/*!40101 SET @OLD_CHARACTER_SET_RESULTS=@@CHARACTER_SET_RESULTS */;
/*!40101 SET @OLD_COLLATION_CONNECTION=@@COLLATION_CONNECTION */;
/*!40101 SET NAMES utf8 */;
/*!40103 SET @OLD_TIME_ZONE=@@TIME_ZONE */;
/*!40103 SET TIME_ZONE='+00:00' */;
/*!40014 SET @OLD_UNIQUE_CHECKS=@@UNIQUE_CHECKS, UNIQUE_CHECKS=0 */;
/*!40014 SET @OLD_FOREIGN_KEY_CHECKS=@@FOREIGN_KEY_CHECKS, FOREIGN_KEY_CHECKS=0 */;
/*!40101 SET @OLD_SQL_MODE=@@SQL_MODE, SQL_MODE='NO_AUTO_VALUE_ON_ZERO' */;
/*!40111 SET @OLD_SQL_NOTES=@@SQL_NOTES, SQL_NOTES=0 */;

--
-- Table structure for table `account`
--
create database c0220h1dbt;
use c0220h1dbt;
DROP TABLE IF EXISTS `account`;
/*!40101 SET @saved_cs_client     = @@character_set_client */;
/*!40101 SET character_set_client = utf8 */;
CREATE TABLE `account` (
  `id_account` int(11) NOT NULL AUTO_INCREMENT,
  `id_role` int(11) NOT NULL,
  `username` varchar(255) CHARACTER SET utf8 COLLATE utf8_unicode_ci NOT NULL,
  `password` varchar(255) CHARACTER SET utf8 COLLATE utf8_unicode_ci NOT NULL,
  `fullname` varchar(255) CHARACTER SET utf8 COLLATE utf8_general_ci NOT NULL,
  `phone` varchar(255) CHARACTER SET utf8 COLLATE utf8_unicode_ci NOT NULL,
  `email` varchar(255) CHARACTER SET utf8 COLLATE utf8_unicode_ci NOT NULL,
  `address` varchar(255) CHARACTER SET utf8 COLLATE utf8_general_ci NOT NULL,
  `active` bit(1) DEFAULT b'0',
  `online` bit(1) DEFAULT b'0',
  PRIMARY KEY (`id_account`),
  UNIQUE KEY `account_email_uindex` (`email`),
  UNIQUE KEY `account_phone_uindex` (`phone`),
  UNIQUE KEY `account_username_uindex` (`username`),
  KEY `account_role_id_role_fk` (`id_role`),
  CONSTRAINT `account_role_id_role_fk` FOREIGN KEY (`id_role`) REFERENCES `role` (`id_role`)
) ENGINE=InnoDB AUTO_INCREMENT=5 DEFAULT CHARSET=utf8 COLLATE=utf8_unicode_ci;
/*!40101 SET character_set_client = @saved_cs_client */;

--
-- Dumping data for table `account`
--

LOCK TABLES `account` WRITE;
/*!40000 ALTER TABLE `account` DISABLE KEYS */;
INSERT INTO `account` VALUES (1,1,'caoxuanquy','123456','Cao Xuân Quý','0978666888','quy.cao@codegym.vn','Hà Nội - Việt Nam','',''),(2,2,'vutuan','123456','Vũ Tuấn','0986111222','tuan.vu@codegym.vn','Quảng Ninh - Việt Nam','','\0'),(3,2,'nguyenphuquy','123456','Nguyễn Phú Quý','0912555888','quy.phu@codegym.vn','Băc Ninh - Việt Nam','','\0'),(4,2,'alexwoo','123456','Vũ Hoàng Tuấn','0904666888','alexwoo@codegym.vn','Thanh Hóa - Việt Nam','','\0');
/*!40000 ALTER TABLE `account` ENABLE KEYS */;
UNLOCK TABLES;

--
-- Table structure for table `citytravel`
--

DROP TABLE IF EXISTS `citytravel`;
/*!40101 SET @saved_cs_client     = @@character_set_client */;
/*!40101 SET character_set_client = utf8 */;
CREATE TABLE `citytravel` (
  `id_city` int(11) NOT NULL AUTO_INCREMENT,
  `city` varchar(255) CHARACTER SET utf8 COLLATE utf8_general_ci NOT NULL,
  PRIMARY KEY (`id_city`)
) ENGINE=InnoDB AUTO_INCREMENT=16 DEFAULT CHARSET=utf8 COLLATE=utf8_unicode_ci;
/*!40101 SET character_set_client = @saved_cs_client */;

--
-- Dumping data for table `citytravel`
--

LOCK TABLES `citytravel` WRITE;
/*!40000 ALTER TABLE `citytravel` DISABLE KEYS */;
INSERT INTO `citytravel` VALUES (1,'Hà Nội'),(2,'Sài Gòn'),(3,'Đà Nẵng'),(4,'Nha Trang'),(5,'Kiên Giang'),(6,'Lâm Đồng'),(7,'Quảng Nam'),(8,'Quảng Bình'),(9,'Vũng Tàu'),(10,'Quảng Ninh'),(11,'Huế'),(12,'Cần Thơ'),(13,'Hải Phòng'),(14,'Hà Giang'),(15,'Quy Nhơn');
/*!40000 ALTER TABLE `citytravel` ENABLE KEYS */;
UNLOCK TABLES;

--
-- Table structure for table `destinationstravel`
--

DROP TABLE IF EXISTS `destinationstravel`;
/*!40101 SET @saved_cs_client     = @@character_set_client */;
/*!40101 SET character_set_client = utf8 */;
CREATE TABLE `destinationstravel` (
  `id_destinations` int(11) NOT NULL,
  `id_city` int(11) NOT NULL,
  `destinations` varchar(255) CHARACTER SET utf8 COLLATE utf8_general_ci NOT NULL,
  UNIQUE KEY `destinationstravel_pk` (`id_destinations`,`id_city`),
  KEY `destinationstravel_citytravel_id_city_fk` (`id_city`),
  CONSTRAINT `destinationstravel_citytravel_id_city_fk` FOREIGN KEY (`id_city`) REFERENCES `citytravel` (`id_city`)
) ENGINE=InnoDB DEFAULT CHARSET=utf8 COLLATE=utf8_unicode_ci;
/*!40101 SET character_set_client = @saved_cs_client */;

--
-- Dumping data for table `destinationstravel`
--

LOCK TABLES `destinationstravel` WRITE;
/*!40000 ALTER TABLE `destinationstravel` DISABLE KEYS */;
INSERT INTO `destinationstravel` VALUES (1,1,'Văn Miếu Quốc Tử Giám\r\n'),(2,1,'Chùa Trấn Quốc\r\n'),(3,1,'Đền Quán Thánh\r\n'),(4,1,'Việt Phủ Thành Chương\r\n'),(5,1,'Làng cổ Đường Lâm\r\n'),(6,2,'Dinh Độc Lập\r\n'),(7,2,'Chợ Bến Thành\r\n'),(8,2,'Địa Đạo Củ Chi\r\n'),(9,2,'Bảo Tàng Lịch Sử Việt Nam\r\n'),(10,2,'Hồ Con Rùa\r\n'),(11,3,'Rừng thông Bồ Bồ'),(12,3,'Mũi Nghê'),(13,3,'Đèo Hải Vân'),(14,3,'Bán Đảo Sơn Trà'),(15,3,'Làng Cổ Phong Nam'),(16,3,'Cầu Quay sông Hàn '),(17,3,'Ngũ Hành Sơn'),(18,4,'Chùa Long Sơn'),(19,4,'Vịnh Ninh Vân'),(20,4,'Viện Hải Dương Học'),(21,4,'Sao Biển - Bình Lập'),(22,4,'Bích Đầm'),(23,4,'Thành Cổ Diên Khánh '),(24,5,'Vườn quốc gia Phú Quốc\r\n'),(25,5,'Quần đảo An Thới\r\n'),(26,6,'Đồi Hoa Cỏ Hồng\r\n'),(27,6,'Tà Năng – Phan Dũng\r\n'),(28,6,'Bảo Lộc'),(29,6,'Bidoup\r\n'),(30,6,'Liang Dăm'),(31,6,'Hồ Tuyền Lâm\r\n'),(32,7,'Cù Lao Chàm\r\n'),(33,7,'Bờ sông Hoài\r\n'),(34,7,'An Bàng \r\n'),(35,7,'Phố Cổ Hội An\r\n'),(36,8,'Hang Hổ\r\n'),(37,8,'Rào Đá\r\n'),(38,8,'Công viên Ozo\r\n'),(39,8,'Hang Chà Lòi\r\n'),(40,8,'Phong Nha – Kẻ Bàng\r\n'),(41,9,'Côn Đảo\r\n'),(42,9,'Cảng Bến Đầm\r\n'),(43,9,'Vịnh Đầm Tre\r\n'),(44,10,'Hồ Yên Trung\r\n'),(45,10,'Bản Sông Moóc\r\n'),(46,10,'Làng chài Cửa Vạn\r\n'),(47,10,'Bình Liêu\r\n'),(48,10,'Đảo Cái Chiên\r\n'),(49,11,'Thác A Nor\r\n'),(50,11,'Đỉnh Hòn Vượn\r\n'),(51,11,'Chùa Thiền Lâm\r\n'),(52,11,'Đàn Nam Giao\r\n'),(53,12,'Chùa Ông\r\n'),(54,12,'Đình Bình Thủy\r\n'),(55,12,'Thiền Viện Trúc Lâm\r\n'),(56,13,' Đảo Nam Cát\r\n'),(57,13,'Bảo Hà\r\n'),(58,14,'Lũng Cú\r\n'),(59,14,'Cổng trời Quản Bạ\r\n'),(60,14,'Phố cổ Đồng Văn\r\n'),(61,14,'Cao nguyên đá Đồng Văn\r\n'),(62,15,'Đảo Hòn Sẹo\r\n'),(63,15,'Cù Lao Xanh\r\n'),(64,15,' Kỳ Co\r\n');
/*!40000 ALTER TABLE `destinationstravel` ENABLE KEYS */;
UNLOCK TABLES;

--
-- Table structure for table `postsreview`
--

DROP TABLE IF EXISTS `postsreview`;
/*!40101 SET @saved_cs_client     = @@character_set_client */;
/*!40101 SET character_set_client = utf8 */;
CREATE TABLE `postsreview` (
  `id_review` int(11) NOT NULL AUTO_INCREMENT,
  `id_destinations` int(11) NOT NULL,
  `id_account` int(11) NOT NULL,
  `name_review` varchar(255) CHARACTER SET utf8 COLLATE utf8_general_ci NOT NULL,
  `titleposts` text CHARACTER SET utf8 COLLATE utf8_unicode_ci NOT NULL,
  `picture` varchar(255) CHARACTER SET utf8 COLLATE utf8_general_ci DEFAULT NULL,
  `content` text CHARACTER SET utf8 COLLATE utf8_unicode_ci NOT NULL,
  `pointevaluate` smallint(6) DEFAULT '0',
  `dateposts` datetime DEFAULT CURRENT_TIMESTAMP,
  PRIMARY KEY (`id_review`),
  KEY `postsreview_destinationstravel_id_destinations_fk` (`id_destinations`),
  KEY `postsreview_account_id_account_fk` (`id_account`),
  CONSTRAINT `postsreview_account_id_account_fk` FOREIGN KEY (`id_account`) REFERENCES `account` (`id_account`),
  CONSTRAINT `postsreview_destinationstravel_id_destinations_fk` FOREIGN KEY (`id_destinations`) REFERENCES `destinationstravel` (`id_destinations`)
) ENGINE=InnoDB AUTO_INCREMENT=65 DEFAULT CHARSET=utf8 COLLATE=utf8_unicode_ci;
/*!40101 SET character_set_client = @saved_cs_client */;

--
-- Dumping data for table `postsreview`
--

LOCK TABLES `postsreview` WRITE;
/*!40000 ALTER TABLE `postsreview` DISABLE KEYS */;
INSERT INTO `postsreview` VALUES (1,1,1,'Văn Miếu Quốc Tử Giám – Nét đẹp của lịch sử và giáo dục','Ngôi trường đại học đầu tiên của Việt Nam – Quốc tử Giám là địa điểm du lịch thú vị, nổi bật tại Hà Nội. Mang trong mình sự cổ kính, linh thiêng. Quốc Tử Giám luôn thu hút các sĩ tử đến cầu may mắn mỗi mùa thi về. Cùng với đó là những kiến trúc được xây dựng từ thời vua chúa xưa. Nơi này đã và đang là điểm đến cho các du khách đam mê về lịch sử, về nét đẹp đất nước.','https://mitsuwatravel.com/wp-content/uploads/2018/02/gia-ve-vao-tham-quan-van-mieu-quoc-tu-giam-1.jpg\r\n','Được xây dựng trên con đường Quốc Tử Giám, Đống Đa, Hà Nội. Văn Miếu Quốc Tử Giám gắn trên mình một câu chuyện về lịch sử hình thành đầy thú vị.\r\nVào năm 1070, dưới thời vua Lý Thánh Tông, Văn Miếu được xây dựng. Lúc này, Văn Miếu được dựng lên để thờ Khổng Tử, Chu Công và Tứ Phối. Ngoài việc thờ các bậc tiên sư, Văn Miếu còn là trường học dành riêng cho hoàng gia. Người học trò đầu tiên tham gia học tập tại ngôi trường này là vua Lý Càn Đức.\r\nĐến 6 năm sau, khi vua Lý Nhân Tông nhận chức. Nhà Vua đã cho lập thêm Quốc Tử Giám nằm ngay bên cạnh Văn Miếu. Chính thức trở thành ngôi trường cho phép các con vua và con các quan trong triều. Sau này, vào năm 1253, thời vua Lê Thánh Tông đã đổi tên thành Quốc học viện. Lúc này, các con dân xuất sắc được phép tham gia học tại ngôi trường danh tiếng này.\r\nSau thời hậu Lê, khi vua Lê Thánh Tông lên ngôi, các bia đá được dựng lên, khắc tên các nhân tài đỗ đạt tiến sĩ qua các kỳ thi. Hiện nay, tại Văn Miếu chỉ còn sót lại 82 bia đá được đặt xung quanh hồ Thiên Quang.\r\n',0,'2020-05-22 16:58:17'),(2,2,1,'Chùa Trấn Quốc – một thoáng bình yên giữa lòng Hà Thành','Giữa lòng Hà Nội cổ, có một ngôi chùa đẹp bậc nhất thế giới. Ngôi chùa ấy vẫn cứ bình yên, vẫn cứ vẹn nguyên dáng hình thuở xưa, để ai lạc bước đều khắc khoải những xuyến xao. Chùa Trấn Quốc, điểm dừng chân gợi nhắc nhiều giá trị về tâm linh, lịch sử lẫn kiến trúc. Đây cũng là một trong những điểm thu hút khách du lịch nhiều nhất ở Thủ đô Hà Nội.','https://cdn.vntrip.vn/cam-nang/wp-content/uploads/2017/01/20-chua-tran-quoc.jpg\r\n','Là ngôi chùa đầu tiên được xây dựng dưới thời vua Lý Nam Đế. Nằm bên bờ sông Hồng, chùa Trấn Quốc là ngôi chùa lâu đời nhất Thủ Đô Hà Nội với lịch sử 1500 năm tuổi.\r\nLúc mới hoàn thành, cái tên ban đầu là chùa Khai Quốc. Sau bao nhiêu lần đổi tên và di dời. Chùa được vua Lê Hy Tông đặt tên là chùa Trấn Quốc vào cuối thế kỷ 17. Ngày nay, ngôi chùa tọa lạc trên một hòn đảo nằm phía đông Hồ Tây, thuộc địa phận quận Tây Hồ, Hà Nội.\r\nChùa Trấn Quốc xưa là nơi các vua chúa thường xuyên đến vãng cảnh và nghỉ ngơi. Ngày nay, ngôi chùa là nơi dùng để thờ tự. Thế nhưng, chùa Trấn Quốc vẫn giữ nguyên nét đẹp cổ kính, uy nghiêm vốn có ở chốn cung đình, nơi vua chúa nghỉ ngơi.\r\n\r\nVới lịch sử xây dựng hàng ngàn năm, chùa Trấn Quốc là biểu tượng không thể thay thế ở thủ đô nghìn năm văn hiến.\r\n',0,'2020-05-20 16:58:17'),(3,3,1,'Đền Quán Thánh – nét uy nghi của Trấn Bắc Thăng Long xưa','Nơi thủ đô Hà Nội ấy, đã và đang là cầu nối giữa nét đẹp lịch sử với tình yêu dân tộc. Đến với thủ đô nghìn năm văn hiến để cảm nhận nét uy nghi đầy cổ kính qua các ngôi đền. Mang dấu ấn của một công trình nghệ thuật lịch sử, Đền Quán Thánh – Trấn Bắc Thăng Long xưa đã làm hài lòng biết bao du khách khi dừng chân nơi thủ đô của đất nước.','https://mytourcdn.com/upload_images/Image/Location/29_1_2015/du-lich-den-quan-thanh-2.jpg\r\n','Vào năm 1010, ngôi đền được khởi công xây dựng dưới triều vua Lý Thái Tổ. Ngôi đền thờ Huyền Thiên Trấn Vũ –  một vị thần trấn giữ hướng Bắc của Thăng Long xưa.\r\nNgôi đền đã trải qua nhiều lần tu sửa. Năm 1677, đời vua Lê Hy Tông, chúa Trịnh Tạc đã cho người tu sửa đền. Mãi đến năm 1842, khi vua Thiệu Trị đến thăm và đã tặng một đồng tiền vàng cùng với một số vàng do các hoàng thân dâng cúng để đúc lại thành một cái vòng treo ở cổ tay tượng thần.\r\nNăm 1856,  các bố chánh, tri huyện đã tổ chức quyên góp trùng tu, sửa lại chính điện, đình điều hương, bái đường và gác chuông. Ngoài ra, còn làm thêm hai dãy hành lang bên phải và bên trái, đắp lại 4 pho tượng đại nguyên soái. Năm 1893, Đền được tu sửa với quy mô lớn như diện mạo ngày nay.\r\nVào năm 1823, Vua Minh Mạng khi ra tới Bắc thành thì đổi tên đền là Chân Vũ Quán. Vua cho tạc tên ngay trên nóc cổng tam quan. Đến đời vua Thiệu Trị cho đúc vòng vàng đeo lên tượng của Trấn Vũ. Như vậy, người xưa chấp nhận cả hai cách gọi tên là Trấn Vũ và Quán Thánh.\r\nHiện nay, ngôi đền nằm gần ngã tư đường Thanh Niên và đường Quán Thánh, thuộc phường Quán Thánh, quận Ba Đình, Hà Nội. Đền nằm ở phía nam Hồ Tây, gần cửa Bắc Hà Nội.\r\n',0,'2020-05-20 16:58:17'),(4,4,1,'Việt Phủ Thành Chương – Nơi hội tụ các sắc màu văn hóa Việt cổ','Với những ý tưởng độc đáo, Việt Phủ Thành Chương đã tái hiện khá đầy đủ những nét đẹp đặc trưng của ông cha ta thời xưa cổ. Nằm trên mảnh đất Hà Nội nhiều di tích tâm linh, Việt Phủ Thành Chương đã dẫn lối bao du khách ghé thăm. Bằng những kiến trúc đồ sộ, Việt Phủ đã và đang chiếm trọn tình yêu của những trái tim yêu du lịch.','https://nemtv.vn/wp-content/uploads/2019/02/viet-phu-thanh-chuong-4-nemtv.jpg\r\n','Nằm cách trung tâm Hà Nội tầm 40km, thuộc địa phận xã Hiền Linh, huyện Sóc Sơn. Bạn có thể sử dụng nhiều phương tiện khác nhau để đến đây. Xe bus, xe khách hay xe máy đều được.\r\nVới lộ trình xe máy, bạn đi dọc theo hướng đường cao tốc Thăng Long – Nội Bài, sau đó rẽ về Sóc Sơn theo đường về Vĩnh Phúc cho tới khi thấy biển báo. Tiếp tục đi theo hướng dẫn trên biển báo, bạn sẽ tới nơi.\r\nĐã có nhiều người lầm tưởng đây là khu di tích lịch sử lâu đời. Nhưng thực tế, đây là địa điểm đánh dấu sự gây dựng một cách tài ba của họa sĩ Thành Chương vào năm 2001.\r\nKhi bước qua cánh cổng, bạn sẽ vô cùng ngỡ ngàng. Hình ảnh đặc trưng của thôn quê miền Trung du Bắc Bộ được tái hiện rõ nét nhất. Với hồ cá xanh biếc, giếng nước trong veo cùng với bộ bàn đá để nghỉ ngơi.\r\n',0,'2020-05-20 16:58:17'),(5,5,1,'Làng cổ Đường Lâm – nét đẹp xưa giữa lòng Hà Nội','Bạn biết không, nơi Hà Nội nhộn nhịp ấy vẫn có một góc nhỏ cho sự cổ kính, cho nét đẹp của người Việt xưa. Vẫn còn hình ảnh của giếng nước đầu đình, của cổng làng nơi cây đa tỏa bóng mát. Làng cổ Đường Lâm là minh chứng cho sự tồn tại ấy, với những mái ngói đỏ hàng trăm năm tuổi, nơi những con đường gạch dẫn lối du khách ghé thăm.','https://cdn.vietnammoi.vn/stores/news_dataimages/vantt/072017/27/15/1721_18443882_523305631393505_2409160856995627008_n1.jpg\r\n','Nằm cách trung tâm Hà Nội 50km, Làng cổ Đường Lâm thuộc huyện Sơn Tây, Hà Nội. Đây là ngôi làng cổ kính nhất ở phía Bắc Việt Nam và là điểm đến hấp dẫn tại Hà Nội.\r\nTrải qua những thăng trầm của lịch sử, những đổi thay của xã hội. Làng cổ Đường Lâm vẫn gắn liền với hình ảnh ngôi làng Việt xưa cổ. Nơi cổng làng chào đón, nơi cây đa che bóng mát và còn cả hình ảnh về giếng nước, ao sen, sân đình… Tất cả như đang lạc vào một cuốn truyện tranh, một sự tích của người Việt xưa.\r\nNgôi làng này có hơn 900 ngôi nhà truyền thống. Tất cả đều là nhà gỗ với tường xây bằng đá ong. Tại đây, có một ngôi nhà tồn tại đến hơn 400 năm. Bên trong ngôi nhà là những bài văn cúng tế viết bằng chữ nho in trên một tấm ván cũ.\r\n',0,'2020-05-20 16:58:17'),(6,6,1,'Dinh Độc Lập - biểu tượng của chiến thắng','Dinh Độc Lập là một biểu tượng của chiến thắng, hòa bình và sự toàn vẹn lãnh thổ của đất nước Việt Nam. Nhờ ý nghĩa lịch sử đó, dinh là một trong những điểm tham quan hấp dẫn nhất thu hút số lượng lớn khách du lịch đến thành phố Hồ Chí Minh.','https://photo-2-baomoi.zadn.vn/w1000_r1/2017_09_02_180_23175094/171b931777579e09c746.jpg\r\n','Dinh Độc Lập, còn gọi là Dinh Thống Nhất, được xây dựng trên dinh Norodom, tượng trưng cho triết lý truyền thống, nghi lễ phương Đông và cá tính của dân tộc Việt Nam trong sự kết hợp hài hòa với kiến trúc hiện đại.\r\nDinh Thống Nhất sở hữu một diện tích sàn khá lớn gần 120.000m2 (300m x 400m) trong khu vực trung tâm thành phố Hồ Chí Minh, được giới hạn bởi bốn đường phố chính, cụ thể là Nam Kỳ Khởi Nghĩa ở phía Đông Bắc, Huyền Trân Công Chúa phố phía Tây Nam, Nguyễn Thị Minh Khai ở phía Tây Bắc, và Nguyễn Du về phía Đông Nam.\r\nDinh Độc Lập còn có 2 cái tên khác là Dinh Thống Nhất và Hội trường Thống Nhất, trước kia là nơi ở và nơi làm việc của Tổng thống Việt Nam Cộng hòa. Vào năm 2009, nơi đây được chính thức xếp hạng là một trong 10 di tích quốc gia đặc biệt đầu tiên của cả nước.\r\nDinh được xây dựng trên thiết kế của kiến trúc sư Ngô Viết Thụ gồm 3 tầng chính, 1 sân thượng, 2 gác lửng, tầng nền, 2 tầng hầm và một sân thượng cho máy bay trực thăng đáp xuống. Trong dinh có hơn 100 căn phòng với cách trang trí khác nhau phụ thuộc vào mục đích sử dụng như các phòng khánh tiết, phòng họp Nội Các, phòng đại yến, phòng trình Quốc thư, phòng giải trí, phòng chiếu phim, phòng tranh,…\r\n',0,'2020-05-22 17:17:36'),(7,7,1,'Chợ Bến Thành Sài Gòn ở đâu, có gì thú vị để khám phá?','Không chuyến tham quan Thành phố Hồ Chí Minh nào được xem là trọn vẹn nếu du khách chưa đến với ngôi chợ náo nhiệt này để thưởng thức những món ăn truyền thống Việt Nam hay mua những món quà lưu niệm xinh xắn.','https://dulichkhampha24.com/wp-content/uploads/2020/01/cho-ben-thanh-sai-gon-2.png\r\n','Chợ Bến Thành là một trong những ngôi chợ lâu đời nhất tại Thành phố Hồ Chí Minh và là một trong những điểm đến thu hút đông đảo khách du lịch nhất trên toàn lãnh thổ Việt Nam. Đây là điểm đến không thể bỏ qua khi đến với thành phố hơn 300 năm tuổi. Du khách có thể khám phá những gian hàng đủ màu sắc, mua thức ăn, quà lưu niệm và trang phục, vải vóc tại các gian hàng trong chợ.\r\nChợ có lịch sử hình thành từ đầu thế kỷ 17, với nguồn gốc ban đầu là nơi nhóm họp của các tiểu thương bán hàng trên phố gần sông Sài Gòn. Năm 1870, chính quyền thuộc địa Pháp chính thức đặt tên khu vực này là Les Halles Centrales (tức Chợ Trung tâm). Chợ được dời vào một tòa nhà mới vào năm 1912 với tên gọi mới là Chợ Bến Thành.\r\nLen lỏi qua những gian hàng, xem đủ loại sản phẩm Việt Nam. Du khách có thể tìm được mọi thứ tại đây, từ những món quà lưu niệm bé tí đến những bộ trang phục truyền thống. Tuy nhiên, chợ không chỉ là điểm đến của khách du lịch. Chợ Bến Thành là nơi cư dân Thành phố Hồ Chí Minh vẫn mua sắm hàng ngày; giúp du khách có thể hiểu thêm về đời sống của người bản địa.\r\n',0,'2020-05-20 17:17:36'),(8,8,1,'Khám phá địa đạo Củ Chi – Nơi ghi dấu ấn lịch sử vang dội của Sài Gòn','Nhắc tới Sài Gòn người ta thường nghĩ tới một thành phố hiện đại, nhộn nhịp bậc nhất cả nước mà ít ai nhớ rằng Sài Gòn cũng mang nhiều dấu ấn lịch sử của riêng mình. Địa đạo Củ Chi chính là một minh chứng rõ ràng cho điều đó. Có tới địa đạo Củ Chi mới thấu hiểu phần nào sự hào hùng của lịch sử Việt Nam.','https://i2.wp.com/storage.googleapis.com/inspitrip-blog/vi/2019/09/eeca1be0-70326547_1096338603895315_1661523478735486976_n.jpg?resize=1068%2C801&ssl=1\r\n','Địa đạo Củ Chi có chiều dài lên đến khoảng 250 km, từ đường “xương sống” địa đạo tỏa rộng như mạng nhện trong lòng đất, bao gồm các công trình: đường hầm, chiến hào, ụ, ổ chiến đấu, hầm ăn, ngủ, hội họp, bếp, giếng nước, kho dự trữ…Các công trình ăn thông với nhau hoặc có thể độc lập chấm dứt tùy địa hình. Một số nhánh của địa đạo đổ ra sông Sài Gòn để đề phòng trường hợp nguy kịch có thể vượt sông qua căn cứ Bến Cát ( Bình Dương).',0,'2020-05-20 17:17:37'),(9,9,1,'Bảo tàng Hồ Chí Minh – Nơi lưu giữ nhiều hiện vật quý giá về Bác','Bảo tàng Hồ Chí Minh thuộc loại lớn nhất Việt Nam, có tổng diện tích lên đến 18.000 m2, trưng bày khoảng 12 vạn hiện vật liên quan đến cuộc đời và sự nghiệp của Người. Bảo tàng ở số 19 Ngọc Hà, Ba Đình kết hợp với các di tích như: Lăng Chủ tịch, di tích phủ Chủ tịch, chùa Một Cột tạo nên một chuỗi các địa điểm tham quan.','https://blog.traveloka.com/source/uploads/sites/9/2018/11/bao-tang-lich-su-viet-nam-2.jpg\r\n','Bảo tàng Hồ Chí Minh được xây dựng năm 1973 tại chính khu vực mà Người đã đọc bản Tuyên ngôn độc lập, công trình này đã nhận được sự giúp đỡ chân thành của Liên Xô cũ từ khâu thiết kế đến khâu thi công công trình.\r\nTòa nhà cao 3 tầng theo khối hình vuông vát góc độc đáo, chính giữa cửa đi vào có dựng một khối phù điêu hình lá cờ có ngôi sao cùng biểu tượng búa liềm thể hiện tinh thần cách mạng độc lập dân tộc. Xung quanh khuôn viên bảo tàng là một không gian rộng thoáng mát với nhiều cây xanh, có hồ nước nhân tạo điều hòa không khí.\r\nBảo tàng Hồ Chí Minh còn là địa chỉ thân thuộc của nhiều nhà nghiên cứu, nghiên cứu sinh trong nước để tìm tài liệu, hiện vật về Hồ Chủ tịch. Hiện nay ngoài những đồ vật cổ đang lưu giữ trưng bày ở bảo tàng thì ban quản lý thường xuyên cử các đoàn nghiên cứu đi sưu tầm và bổ sung thêm những hiện vật mới ở cả trong nước và nước ngoài.\r\n',0,'2020-05-20 17:17:37'),(10,10,1,'Hồ con rùa – Điểm đến lý tưởng ở Sài Gòn','Hồ Con Rùa Sài Gòn là một hồ phun nước nhân tạo nằm ở nơi giao nhau của 3 con đường là Phạm Ngọc Thạch, Võ Văn Tần và Trần Cao Vân ở Quận 3, thành phố Hồ Chí Minh, tạo thành một vòng xuyến giao thông.\r\nTên chính thức của khu vực này là Công trường Quốc Tế, song người ta thường gọi là hồ Con Rùa để gợi lên cái sự thân thương, gần gũi cho người Sài Gòn và sự thích thú cho những khách phương xa.\r\n','https://cdn.vntrip.vn/cam-nang/wp-content/uploads/2020/02/ho-con-rua-1.jpg\r\n','Theo lịch sử, vị trí Hồ Con Rùa hiện nay chính vị trí cổng thành Khảm Khuyết của thành Bát Quái, sau được vua Minh Mạng đổi tên lại thành Vọng Khuyết. Vào năm 1837, thành Bát Quái bị phá đi và xây dựng thành Phụng có kích thước nhỏ hơn. Khi người Pháp chiếm được thành Phụng đã cho san bằng thành và đổi tên thành Gia Định sau đó tiến hạnh quy hoạch lại cả thành phố. Năm 1878, tháp nước được xây tại vị đây nhằm mục đích cung cấp nước cho người dân xung quanh. Đến năm 1921 thì tháp nước bị phá bỏ do không còn khả năng cung cấp nước đủ cho nhu cầu của tất cả mọi người. Từ đó vị trí này trở thành giao lộ như ngày nay.\r\nHồ con rùa Sài Gòn được xây dựng trong khoảng từ 1965-1967 do kiến trúc sư Nguyễn Kỳ đảm nhiệm thi công. Từ 1970 đến 1974, hồ được trùng tu và xây dựng thêm 5 cột bê tông cao có hình dáng giống như năm bàn tay xòe ra chụm vào nhau. Tháp chính có chiều cao 34 mét cùng  hồ phun nước hình bát giác lớn với 4 đường đi bộ xoắn ốc đồng hướng đến khu vực trung tâm là đài tưởng niệm. Tại đây còn có tượng hình con rùa bằng hợp kim trên lưng có đỡ bia đá lớn được ghi tên các nước công nhận Việt Nam Cộng hòa. Do vậy nên dân gian đặt tên đây là Hồ Con Rùa\r\n',0,'2020-05-20 17:17:37'),(11,11,1,'Rừng thông Bồ Bồ một “Đà Lạt” giữa lòng Đà Thành','Rừng thông Bồ Bồ là điểm đến khá mới lạ rất được nhiều bạn trẻ ưa thích bởi nét hoang sơ, yên tĩnh cùng một màu xanh ngắt nên thơ đến tuyệt vời, một nơi không xô bồ ồn ào như các địa điểm nổi tiếng Đà Nẵng và có chút gì đó rất đỗi “Đà Lạt”.','https://images.foody.vn/images/H%C3%ACnh%202(8).jpg\r\n','Bồ Bồ là một cụm gồm bốn ngọn đồi nhỏ nằm liên tiếp nhau có diện tích khoảng hơn 200ha, nằm trên địa bàn hai xã Điện Tiến và Điện Thọ của thị xã Điện Bàn. Được người dân ở đây ví von như là thành phố Đà Lạt nhỏ trong thành phố lớn, có đồi thông xanh mát mẻ, tình tứ nằm e ấp hữu tình nơi ngoại ô của Đà Nẵng. Nơi này còn là di tích lịch sử ghi dấu những chiến công oai hùng của quân dân Quảng Nam trong các cuộc đấu tranh bảo vệ dân tộc.\r\nVì Bồ Bồ là ngọn núi bao có 4 đỉnh đồi nhỏ, khá cao so với mực nước biển nên khí hậu nơi này luôn mát mẻ, yên bình. Cũng chính vì khung cảnh thơ mộng của đồi thông cùng với quanh năm không khí trong lành nên người dân thường ví von nơi này là một mảnh Đà Lạt nằm lại trên mảnh đất miền Trung đầy nắng và gió này.\r\nRừng thông Bồ Bồ nằm ở vùng ngoại ô tĩnh lặng, cách trung tâm thành phố Đà Nẵng không quá xa, chừng 30km về phía Bắc, gần chân đèo Hải Vân. Nơi có làn không khí yên bình và thoáng mát, cách xa hoàn toàn những ồn ào, khói bụi và nhộn nhịp chốn thị thành. Và nếu có dịp đến đây, chắc chắn bạn cũng sẽ ngỡ ngàng mà thốt lên rằng “Ở đây là Đà Lạt phải không?”. Nhưng không đây đích thực là Đà Nẵng! Đà Nẵng có một rừng thông hoang sơ và hữu tình là đây.\r\n',0,'2020-05-20 22:00:35'),(12,12,1,'Mũi Nghê – nơi đón bình minh đầu tiên tại Đà Thành','Với vẻ hoang sơ vốn có, Mũi Nghê là địa điểm tuyệt vời để bạn trải nghiệm ngắm bình minh tuyệt đẹp khi có dịp đến với du lịch Đà Nẵng','https://www.celeb.vn/news/wp-content/uploads/2019/09/9577_phat_sot_voi_ho_boi_giua_bien_dep_nhu_tien_canh_o_.jpg\r\n','Nằm ở phía đông nam của bán đảo Sơn Trà, Mũi Nghê được mệnh danh là nơi đón những tia nắng đầu tiên của ngày mới chiếu xuống thành phố Đà Nẵng. Cái tên lạ lùng này đến người dân địa phương cũng không biết có từ bao giờ. Chỉ biết rằng đây vốn là một mỏm đá giống hình thù con sư tử biển với đầu quay vào vách núi, mình hướng ra đại dương mênh mông.\r\nTheo thời gian, hình ảnh con sư tử biển càng ngày càng lộ rõ, khiến du khách đến đây vô cùng thích thú. Đường đến với Mũi Nghê khá khó khăn, các bạn phải băng rừng, vượt dốc. Tuy nhiên, bạn sẽ thấy công sức mình bỏ ra là rất xứng đáng bởi cảnh sắc thiên nhiên hùng vĩ, tuyệt đẹp, nơi đây sẽ không làm bạn thất vọng.\r\nĐiều đặc biệt nhất tại Mũi Nghê đó chính là có hồ bơi nước mặn tự nhiên được bao bọc xung quanh bởi những vách đá cao dựng đứng, dòng nước đưa vào lòng hồ chính bởi những con sóng xô qua kẽ hở của miệng đá và đọng lại phía trong. Chính bàn tay kỳ diệu của thiên nhiên đã biến nơi đây trở thành điểm đến checkin được đông đảo bạn trẻ lựa chọn.\r\n',0,'2020-05-20 22:00:35'),(13,13,1,'Đèo Hải Vân – Thiên hạ đệ nhất hùng quan','Đèo Hải Vân còn có tên gọi khác là đèo Ải Vân vì xưa kia trên đỉnh đèo có một cửa ải hay đèo Mây bởi vì đỉnh đèo thường hay có mây che phủ. Đèo có độ cao 500 m và dài 20 km, cắt ngang dãy núi Bạch Mã ở giữa địa giới tỉnh Thừa Thiên – Huế và Tp.Đà Nẵng.\r\nTrong nhiều thế kỉ, Đèo Hải Vân đã tạo thành một bức tường thành ngăn cách giữa hai nền văn hoá Chăm Pa ở phía Nam ở và nền văn hóa Đại Việt phía Bắc, là đường phân chia giữa những ảnh hưởng văn hoá từ phía bắc và phía nam châu Á.\r\n','https://kingtravel.tv/images/seoworld/deoHaiVan/vuot-doc-kham-pha-thien-ha-de-nhat-hung-quan-deo-hai-van.jpg\r\n','Nằm trên dãy núi Bạch Mã hùng vĩ giáp danh giữa tỉnh Thừa Thiên – Huế và Tp.Đà Nẵng, đèo Hải Vân là một con đèo nổi tiếng với những cảnh đẹp đắm say lòng người và đã đi vào nhiều tác phẩm văn học, thơ ca,…\r\nTheo sử sách, trước năm Bính Ngọ 1306, vùng đất này xưa kia là địa phận của hai châu Ô và châu Rí của vương quốc Chăm Pa. Sau khi được vua Chăm Pa là Chế Mân cắt để làm sính lễ cầu hôn với Công chúa Huyền Trân của nhà Trần thời bấy giờ thì đèo Hải Vân đã trở thành ranh giới giữa Đại Việt và Chiêm Thành.\r\nDưới thời nhà Hồ, vua Hồ Hán Thương đã sai tướng Đỗ Mãn đem quân xuôi nam đánh Chăm Pa khiến vua Chăm thời bấy giờ  là Jaya Sinhavarman V phải cắt vùng đất Chiêm Động và Cổ Lũy để cầu hòa. Bắt đầu từ đó, vùng đất có đèo Hải Vân mới thuộc hẳn về quyền cai quản của nước Đại Việt, trở thành ranh giới tự nhiên của hai xứ Thuận Hóa – Quảng Nam cho đến triều Nguyễn.\r\n',0,'2020-05-22 14:00:35'),(14,14,1,'Hai tọa độ sống ảo khó lòng bỏ qua trên bán đảo Sơn Trà','Bán đảo Sơn Trà luôn là địa điểm du lịch Đà Nẵng không thể thiếu dành cho du khách mỗi khi khám phá thành phố biển xinh đẹp này. Và một trải nghiệm đặc biệt mà bạn đừng nên bỏ lỡ đó là cơ hội để khám phá toàn cảnh Đà Nẵng qua Mắt thần Đông Dương và Đỉnh Bàn Cờ nhé!','https://cdn.vntrip.vn/cam-nang/wp-content/uploads/2017/07/bandaosontra.jpg\r\n','Ghé thăm “Mắt thần Đông Dương” – Trạm rađa trên bán đảo Sơn Trà\r\nTrạm Rada Sơn Trà nằm cách trung tâm thành phố Đà Nẵng 10km về phía Đông Bắc. Được đế quốc Mỹ xây dựng từ khoảng những năm 60. Với độ cao khoảng 621m so với mực nước biển. Trạm Rada Sơn Trà chắc chắn sẽ là địa điểm du lịch hấp dẫn để tham quan và khám phá.\r\nĐỉnh Bàn Cờ – chốn bồng lai tiên cảnh\r\nĐỉnh Bàn Cờ nằm ở bán đảo Sơn Trà và được ví là “nóc nhà” của thành phố Đà Nẵng. Nơi đây luôn để lại ấn tượng riêng về một vẻ đẹp vừa hoang sơ nhưng vẫn rất hùng vĩ. Con đường chinh phục đỉnh Bàn Cờ không quá gồ ghề. Nhưng lại có những đoạn khá dốc, lại quanh co uốn lượn. Dù là vậy thì con đường dẫn đến nơi đây chắc hẳn sẽ làm bạn phải mê mẩn vô cùng.\r\nKhi một bên là những vách đá dựng chênh vênh, rừng núi bạt ngàn của Đà Nẵng. Và một bên là cảnh biển, sóng vỗ rì rào. Cảm giác từng làn sương mù dày đặc phả vào người khi dần dần lên đỉnh, cứ như càng kích thích quyết tâm chinh phục. Vì thế mà nếu đặt chân đến rồi thì vẻ đẹp của nơi đây sẽ khiến bạn quên mất đi những mệt nhọc.\r\n',0,'2020-05-20 22:00:35'),(15,15,1,'Làng Cổ Phong Nam – vẻ đẹp thanh bình quyến rũ lòng người','Làng cổ Phong Nam Một trong những địa điểm du lịch Đà Nẵng có ý nghĩa, ghi lại giá trị lịch sử tồn tại theo dòng thời gian, là  nơi còn lưu lại những công trình kiến trúc từ xa xưa mang vẻ đẹp thanh bình, yên ả đến quyến rũ lòng người.','https://znews-photo.zadn.vn/w1024/Uploaded/tmuitg/2018_09_08/42.jpg\r\n','Là địa điểm nằm ngay gần QL.1A thuộc xã Hoà Châu – huyện Hoà Vang, chi rcách trung tâm Tp.Đà Nẵng về phía tây nam chừng 10 km đường lái xe, trên đường đến với ngôi làng này bạn sẽ được ngắm nhìn khung cảnh đồng lúa xanh bát ngát trải dài thẳng cánh cò bay, những luỹ tre làng xanh mượt, dẻo dai tràn đầy nghị lực sống đang vi vu đón gió như đang cất tiếng hát và toả bóng mát trên con đường đất mộc mạc.\r\nBạn hãy thử đặt chân đi lên những con đường êm ái ấy, để ngắm nhìn làng quê thanh bình, để được chiêm ngưỡng những ngôi nhà giản dị, đơn sơ của thuần chất xưa mà bạn vốn chỉ được thấy qua phim ảnh hay sách vở. Tất cả những hình ảnh này đã làm nên một bức tranh quê yên bình mà cái hồn của nó chính là những nét đặc trưng không thể phai mờ của làng quê Việt Nam xưa kia\r\n',0,'2020-05-20 22:00:35'),(16,16,1,'Khám phá non nước Ngũ Hành Sơn','Nếu đến du lịch Đà Nẵng mà bạn không ghé thăm Ngũ Hành Sơn thì đây sẽ là một thiếu sót lớn. Với những gì mà thiên nhiên đã ban tặng cho nơi đây đã tạo nên một khu du lịch thắng cảnh Ngũ Hành Sơn tuyệt đẹp trong con mắt của người dân Đà Nẵng nói chung và du khách nói riêng.','https://cdn.vntrip.vn/cam-nang/wp-content/uploads/2017/08/Nui-Ngu-Hanh-Son.png\r\n','Ngũ Hành Sơn chỉ cách trung tâm Đà Nẵng khoảng 8 km về phía Đông Nam, nằm trên một bãi cát mênh mông gần bờ biển, thuộc phường Hòa Hải – quận Ngũ Hành Sơn. Ngày 22/3/1990, Ngũ Hành Sơn đã được Bộ Văn hóa, Thể thao – Du lịch cấp bằng công nhận là Di tích lịch sử văn hóa cấp Quốc gia.\r\nỞ Ngũ Hành Sơn có rất nhiều hang động, nhưng nổi tiếng nhất là: động Quan Âm (tại Kim Sơn), Huyền Vi (tại Hỏa Sơn) Linh Nha, Huyền Không, động Âm Phủ, Hoa Nghiêm, Vân Thông, Thiên Long, Thiên Phước Địa ( tại Thủy Sơn), nếu các bạn muốn khám hết phá tất cả thì sẽ mất hẳn thời gian vài ngày.\r\nHang động đẹp nhất trong số này phải kể đến là động Huyền Không tọa lạc trên núi Thủy Sơn. Đây là một động lộ, khi vào động bạn sẽ không có cảm giác ngột ngạc mà rất khô ráo và thoáng mát.\r\nVà Kinh hãi nhất là phải kể đến là động Âm Phủ, đây là động khá lớn và huyền bí nhất tại quần thể động Ngũ Hành Sơn. Đây là động âm, có nhiều vẽ huyền bí với vẻ sự tối tăm nhất của động, khi bước vào nơi đây con người có cảm giác thập tử nhất sinh.\r\n',0,'2020-05-20 22:00:35'),(17,17,1,'Cầu Quay sông Hàn – cây cầu quay độc nhất vô nhị của Việt Nam','Là cây cầu độc nhất vô nhị được thiết kế và xây dựng do chính các kỹ sư Việt Nam, cầu quay Sông Hàn được xem như một biểu tượng của Tp.Đà Nẵng bắt qua dòng song Hàn thơ mộng. Ngày nay, cầu quay Sông Hàn là một điểm tham quan nổi tiếng khi đến du lịch Đà Nẵng','https://www.vietfuntravel.com.vn/image/data/Da-Nang/hinh-anh-cau-quay-song-han-da-nang-luc-ve-dem/hinh-anh-cau-quay-song-han-da-nang-luc-ve-dem-h4.jpg\r\n','Cùng với nhiều điểm du lịch hấp dẫn khác thì cầu quay Sông Hàn lại mang đến cho du lịch Đà Nẵng một dáng vẻ rất riêng – lạ và rất tự hào. Không chỉ là công trình nhằm chào mừng thiên niên kỷ thứ ba mà đây còn là một bước ngoặt lớn đánh dấu sự chuyển mình của một thành phố trẻ trung và năng động, là biểu tượng cho sức sống mới và một khát vọng vươn lên,  niềm tự hào của người dân Đà Nẵng bởi vì cây cầu được hình thành bằng chính sự đóng góp của chính người dân nơi đây.\r\n– Cây cầu được quay vào lúc 1h00 sáng cầu quay 90 độ tạo thành đường nằm dọc theo dòng chảy của dòng sông Hàn để mở đường cho tàu, phà đi qua và khoảng 4 giờ cầu sẽ được quay lại như cũ. Nếu các bạn muốn ngắm cầu quay thì nên đến đây lúc 1h00 khuya mới coi được nhé.\r\n– Ngắm khung cảnh cầu quay này vào ban đêm rất đẹp, với dòng sông thơ mộng và không gian thoáng đảng mát mẻ, vừa nhâm nhi ly cafe hoặc ăn ở các nhà hàng gần ở bờ sông, vừa ngắm cảnh ở cầu quay còn gì bằng.\r\n',0,'2020-05-20 22:00:35'),(18,18,1,'Chùa Long Sơn – Nét cổ kính đi cùng thời gian','Là ngôi chùa hơn 100 tuổi nằm giữa lòng thành phố Nha Trang, chùa Long Sơn thu hút được rất nhiều du khách gần xa, trong và ngoài nước biết đến. Vậy câu chuyện đằng sau ngôi chùa này là gì? Hãy thăm quan ngôi chùa nổi tiếng này nhé!','https://nhatrangbiendao.vn/app_file_manager/9.%20DU%20L%E1%BB%8ACH%20-%20THAM%20QUAN/%C4%90%E1%BB%8Ba%20%C4%91i%E1%BB%83m%20tham%20quan/Ch%C3%B9a%20Long%20S%C6%A1n/chua-long-son-nha-trang-toan-canh.jpg\r\n','Chùa Long Sơn được xây dựng vào năm 1886 bởi hòa thượng Thích Ngộ Chí, ban đầu chùa có tên là Đằng Long Tự và chỉ là một căn nhà tranh nhỏ nằm trên đỉnh đồi Trại Thuỷ (ngày nay là nơi đặt tượng Phật Trắng), đến năm 1900 ngôi chùa bị phá huỷ bởi một cơn bão, sau đó chùa được dời xuống chân núi và đổi tên lại thành chùa Long Sơn.\r\nKhuôn viên chùa rộng 44,5m và dài 72m, chùa nổi bật ngay ở cổng vào bởi những cột đá và những bức phù điêu bố trí ngay chánh điện, xung quanh chùa là những cây xanh tạo cảnh sắc hài hoà, thoáng mát.\r\nKhu chánh điện chùa Long Sơn rộng 1600m vuông, am chính thờ tượng phật Thích Ca thuyết phát bằng đồng, hai bên có phù điêu Bồ tác Quan Thế Âm và Bồ tác Đại Thế Chí.\r\nTrên đường lên đỉnh đồi Trại Thuỷ, ở điểm dừng chân thứ nhất tại bậc thứ 44, bạn sẽ được chiêm ngưỡng bức tượng Phật Tổ nhập Niết Bàn làm bằng đá hoa cương trên nền một bức phù điêu được chạm khắc tinh xảo, mô tả cảnh 49 đệ tử của Đức Phật hội tụ về trong ngày Phật nhập diệt.\r\nĐến điểm dừng chân thứ 2 là một tháp chuông với quả Đại hồng chung nặng 1500kg do phật tử ở Huế tặng chùa vào năm 2002. Tiếng chuông vang vọng giữa núi rừng bao la khiến cho lòng người trở nên sâu lắng, cảnh vật dường như càng tĩnh lặng hơn trong không gian uy nghiêm, bình yên và an lạc nơi cửa Phật.\r\n',0,'2020-05-20 22:17:22'),(19,19,1,'Vịnh Ninh Vân – Nơi cuộc sống thăng hoa nỗi buồn được giải tỏa','Mỗi một cuộc hành trình, ta đều kiếm tìm cho mình một điểm dừng chân phù hợp. Vậy với Nha Trang thì sao? Cảnh quan thơ mộng cùng sự đơn điệu của nắng, của gió, của biển xanh và màu nước trong vắt… không những thế, sự yên bình và nét hoang sơ tự nhiên vô cùng lãng mạn ở đây đây sẽ ngay lập tức thôi miên bạn. Nằm trong số những điểm đến không thể bỏ lỡ khi đến với Nha Trang, vịnh Ninh Vân chính là nơi thu hút rất nhiều du khách tìm đến khám phá, tham quan và nghỉ dưỡng bởi vẻ đẹp hoang sơ say đắm lòng người khó có thể miêu tả hết được của nó.','https://cdn1.nhatrangtoday.vn/images/photos/821/vinh-ninh-van-top.jpg\r\n','Có thể nói Vịnh Ninh Vân là nơi “ở ẩn” để rời xa phồn hoa tấp nập phố thị. Nằm cách thành phố Nha Trang khoảng 60km, thuộc địa phận xã Ninh Vân, thị xã Ninh Hòa, tỉnh Khánh Hòa. Thi sĩ Nguyễn Bĩnh Khiêm có nói “ta dại ta tìm nơi vắng vẻ, người khôn người đến chốn lao xao” thì quả thật nơi đây được xem là nơi “về ở ẩn” vô cùng lý tưởng cho những ai muốn thoát khỏi những ồn ào phố thị để tìm về nơi bình yên, sâu lắng trong tâm hồn, để được tĩnh tâm và hòa mình vào thiên nhiên đất trời một cách trọn vẹn nhất.\r\nBạn sẽ mất tầm 20 phút để đi bằng tàu cao tốc ra đảo và đến nơi, tất cả sẽ đập vào mắt bạn khiến bạn ngạc nhiên và sững sờ bởi sự bình yên và vẻ đẹp trong sự tĩnh lặng tuyệt vời của nơi đây.\r\nCảnh vật tuyệt diệu của Vịnh Ninh Vân như sự lĩnh hội bởi một bức tranh với những đường đi của nét cọ và gam màu chủ đạo được tạo từ màu xanh trong veo của mặt nước, màu trắng đục của những bãi dã tràng, màu xanh lục của những hàng cây ven bờ hay là điểm tô vài sắc đỏ của những hòn đá nằm ngổn ngang, chồng chất.\r\nMặc dù là nằm trong top nổi tiếng những điểm đến Nha Trang nhưng khi đặt chân đến nơi đây bạn sẽ hoàn toàn bị đánh gục và không khỏi bất ngờ bởi sự khác biệt. Một bức tranh về cuộc sống tĩnh lặng an yên, không ồn ào, không huyên náo mà thay vào đó là tiếng sóng vỗ rì rào, tiếng gió thì thầm bên tai, hòa mình vào làn không khí trong lành, tâm hồn bạn bỗng chốc sẽ trở nên thư thái và gạt bỏ mọi muộn phiền xung quanh để tận hưởng phút giây thanh tịnh. Bạn sẽ ngỡ như mình đang lạc vào một cõi hoang sơ và mọi thứ trở nên tươi đẹp đến lạ.\r\n',0,'2020-05-20 22:17:22'),(20,20,1,'Viện Hải Dương học – Cung đường chạm đấy đại dương','Đến với thành phố biển Nha Trang, bạn đừng bỏ lỡ một chuyến đến Viện Hải Dương học để khám phá một đại dương thu nhỏ. Nó thực sự sẽ làm cho bạn choáng ngợp khi đặt chân đến đấy! \r\nĐược biết đến là một cơ sở nghiên cứu khoa học ra đời sớm nhất ở Việt Nam, Viện Hải dương học nằm cách trung tâm thành phố Nha Trang 6 km là nơi chuyên nghiên cứu tập tính, lối sống của sinh vật biển.\r\n\r\nViện Hải dương học Nha Trang được thành lập năm 1923 dưới sự quản lý trực tiếp của người Pháp, mãi đến năm 1952 mới giao lại cho người Việt quản lý.\r\n','https://dulichtoday.vn/wp-content/uploads/2018/09/vien-hai-duong-hoc-nha-trang-cover.jpg\r\n','Quy mô ban đầu của Viện rộng đến 20ha, kéo dài từ phía bắc Cảng Nha Trang lên tới Khu Du lịch Lầu Bảo Đại. Đây là vị trí tối ưu được lựa chọn để xây dựng một viện nghiên cứu đại dương ở Đông Dương. Bởi vì biển ven bờ tỉnh Khánh Hòa thuộc loại sâu nhất ở Việt Nam, cách hải phận quốc tế không xa.\r\nĐể lý giải cho sự đa dạng sinh học ở biển Nha Trang, các nhà khoa học cho biết nhờ vị trí địa lý và đặc điểm tự nhiên đặc thù biển Nha trang có hai dòng biển nóng và dòng biển lạnh giao nhau.\r\nDòng biển nóng từ khu vực xích đạo di chuyển lên, dòng biển lạnh từ phương Bắc chảy xuống và gặp nhau ở biển Nha Trang tạo nên môi trường sinh sống ôn hòa thuận lợi cho các loài sinh vật biển.\r\nNhờ vậy sự đa dạng sinh học ở đây rất cao, các loài cá thường di chuyển về đây để sinh sản, hệ thống thực vật biển cũng rất phong phú. Trong đó, đặc biệt phát triển các rạn san hô cùng hệ sinh vật sống cộng sinh, nhất là các loài cá cảnh đủ màu sắc và hình dạng.\r\n',0,'2020-05-20 22:17:22'),(21,21,1,'Khu du lịch Sao Biển “thánh địa check-in” không thể bỏ qua tại Bình Lập','Nằm tọa lạc tại Thôn Bình Lập, xã Cam Lập, Tp.Cam Ranh, tỉnh Khánh Hòa, Khu du lịch sinh thái Sao Biển là điểm chắc chắn không còn xa lạ gì với dân mê sống ảo, với vùng biển đẹp, nơi đây còn mang đến cho bạn những trải nghiệm “du mục” rất thú vị trong những căn nhà gỗ nhỏ xinh nằm trên bãi biển Bình Lập.','https://cdn1.nhatrangtoday.vn/images/photos/821/binh-lap-cam-ranh-top.jpg\r\n','Đến với Bình Lập, bạn sẽ được tha ga sống ảo,check-in, chụp hình các kiểu, được trải nghiệm chèo thuyền kayak, lặn ngắm san hô và thư giãn trên chiếc võng giữa biển rất thú vị, không chỉ có một thôi đâu mà đâu đâu cũng có những chiếc võng lưới trắng phau, xích đu giữa biển, Võng thủy cung độc lạ của ốc đảo xinh đẹp.\r\nTọa lạc giữa không gian thiên nhiên rộng lớn và hoang sơ của vùng biển Bình Lập, nhưng Sao Biển không hề bị lệch pha hay khác biệt so với không gian xung quanh. Mà ngược lại, nơi này được thiết kế hoàn toàn dựa theo thiên nhiên, khiến bạn có cảm giác như được hòa mình vào cùng với tự nhiên, tận hưởng một không gian trong lành, thoải mái.\r\nNét đặc biệt nhất làm cho khu du lịch Sao Biển không thể lẫn vào đâu được đó là những chiếc chòi gỗ hình tam giác được đặt ngay trên bãi cát trắng. Mặc dù thấy bé xíu đáng yêu thế thôi nhưng nhỏ mà có võ đấy nhé! Mỗi chiếc chòi ấy là một phòng nghỉ dành cho hai người và cũng có đầy đủ các tiện nghi để bạn có thể thoải mái tận hưởng chuyến đi của mình. Đặc biệt là tấm rèm cửa bay phất phơ, cứ phải gọi là lãng mạn hết chỗ nói luôn nhé!\r\n',0,'2020-05-20 22:17:22'),(22,22,1,'Bích Đầm nét yên bình giữa lòng thành phố biển Nha Trang','Nếu bạn đã quá thuộc lòng với những điểm đến luôn trong tình trạng chật kín du khách ở Tp.Nha Trang thì làng chài Bích Đầm là một địa điểm mới, vắng vẻ và bình yên thích hợp cho bạn khám phá trong mùa hè này.','https://nhatrangs.com/vn-content/uploads/lang-chai-bich-dam-nha-trang2.jpg\r\n','Làng chài Bích Đầm là một xã đảo nằm xa nhất của Tp.Nha Trang, tọa lạc trong cụm đảo Hòn Tre. Đây là phần còn lại hiện vẫn chưa được khai thác du lịch, Bích Đầm là một khu làng chài yên bình nằm giữa vùng nước quanh năm xanh biết như ngọc và đây cũng là lý dó nơi này mang cái tên Bích Đầm được người dân trong làng truyền tai nhau.\r\nĐến với nơi đây bạn có thể cảm nhận được phong cảnh thiên nhiên và con người nơi đây vừa hiền hòa, bình dị đến nhường nào, các bạn có thể đi lòng vòng khám phá cuộc sống của người dân nơi đây.\r\nMỗi khi thấy có khách đến đảo, những người dân chất phác thân thiện mời đến nhà chơi, mời theo họ đi tàu đánh cá bằng phương pháp lưới đăng – nghề biển truyền thống của tỉnh Khánh Hòa. Đồ nghề gồm 5 giàn lưới khác nhau: lưới lưng, lưới rọ, lưới tráng, lưới hom, lưới bửng, và giàn lưới rút để sẵn trên thuyền. Để giăng lưới, ngư dân nơi đây thường kết bè, trải nạp trên mặt nước, giăng chì dưới đáy và thả nhiều neo để giữ giàn lưới đứng vững. Khi phát hiện đàn cá đã lọt vào, chỉ cần tung lưới rút xuống là đàn cá nằm trong đăng bị tóm gọn.\r\n',0,'2020-05-20 22:17:22'),(23,23,1,'Thành cổ Diên Khánh – Dấu tích quân sự còn sót lại trên đất Nha Trang','Thành cổ Diên Khánh đây vừa là một trong những điểm du lịch hấp tại Nha Trang vừa là một điểm đến mang đậm bề dày lịch sử và vẻ đẹp nguy nga cổ kính.','https://cdn1.nhatrangtoday.vn/images/photos/821/thanh-co-dien-khanh-top.JPG\r\n','Chỉ cách trung tâm Tp.Nha Trang khoảng 10km, là một vùng đất giàu truyền thống cách mạng, nơi này từng được chọn để thiết lập cơ quan hành chính của địa phương dưới triều đại phong kiến nhà Nguyễn, là nơi lưu giữ nhiều sự kiện lịch sử… Có thể nói rằng, thành cổ Diên Khánh là một địa danh quân sự duy nhất của nhà Nguyễn vẫn còn tồn tại cho đến ngày nay.\r\nThành được xây dựng và thế kỷ 19 trên vùng đất rộng có diện tích lên đến 36.000km2. Trước kia thành có tất cả 6 cổng: một cổng phía Đông, một cổng phía Nam, hai công phía Tây và hai cổng phía Bắc được thiết kế theo phong cách quân sự theo kiểu Vauband  đây là một hình mẫu thành quân sự phổ biến vào thế kỷ 17 – thế kỷ 18 ở Tây Âu.\r\nCho dù không phải là một điểm vui chơi, giải trí nổi tiếng nhưng thành cổ Diên Khánh sẽ mang đến cảm giác bình yên, thoải mái với những dấu tích lịch sử còn sót lại,vẫn gợi chút hoài niệm về một thời xa xưa và giúp bạn hiểu hơn lịch sử của vùng đất Nha Trang.\r\n',0,'2020-05-20 22:17:22'),(24,24,1,'Vườn quốc gia Phú Quốc – Vẻ đẹp hoang sơ của thiên nhiên đảo Ngọc','Nói đến đảo ngọc Phú Quốc, là du khách nghĩ ngay đến một hòn đảo nằm ở phía tây bắc của tỉnh Kiên Giang. Phú Quốc là một quần thể các di tích lịch sử, thắng cảnh nổi tiếng trong đó có Vườn Quốc gia Phú Quốc – một địa chỉ hấp dẫn mà du khách không thể không ghé thăm mỗi dịp ra đảo.','https://diphuquoc.net/wp-content/uploads/2018/06/8-1.jpg\r\n','Vườn quốc gia nằm ở phía Đông Bắc đảo của Phú Quốc. Địa phận của vườn bao gồm: khu bảo tồn thiên nhiên Bắc đảo, khu vực núi Hàm Rồng, Gành Dầu, Cửa Cạn và một phần các xã Cửa Dương, Hàm Dương, Dương Tơ và thị trấn Dương Đông thuộc. Phía Đông và phía Bắc của vườn quốc gia sát với bờ biển.\r\nVì vậy mà hệ động thực vật ở đây hết sức phong phú và đa dạng. Khoảng 470 loài thực vật bậc cao, 140 loài động vật hoang dã, cùng với nhiều loài động thực vật quý hiếm.\r\nBiển nơi đây có khoảng 929 loài bao gồm: san hô cứng, san hô, cá, thân mềm, da gai và rong biển. Vườn còn có các loài hiện có tên trong danh sách các loài quý hiếm, đặc biệt là sói rừng và khỉ bạch.\r\nĐiểm khác biệt giữa rừng Phú Quốc với nhiều khu rừng khác trong đất liền là nơi đây tập trung tất cả các hệ sinh thái rừng. Bao gồm: rừng ngập mặn, rừng tràm, rừng cỏ tranh, rừng thứ sinh và rừng nguyên sinh. Đặc biệt rừng có nhiều loại dược thảo rất quý hiếm như: cát đầy, nhân trần,…\r\n',0,'2020-05-20 22:50:54'),(25,25,1,'Quần đảo An Thới – một thiên đường bí ẩn của Phú Quốc','Quần đảo An Thới là điểm đến mang vẻ đẹp hoang sơ của thiên nhiên nơi đây với sự yên ả tĩnh lặng của sóng biển cùng bờ cát trắng chạy dài.','https://diphuquoc.net/wp-content/uploads/2018/06/9-2.jpg\r\n','Nếu bạn là người yêu thích khám phá thiên nhiên và du lịch mạo hiểm thì nhất định không được bỏ qua Quần đảo An Thới . Một trong những điểm du lịch Phú Quốc thu hút nhiều du khách.Quần đảo An Thới nằm ở phía Nam đảo Phú Quốc. Gồm 18 hòn đảo lớn nhỏ, trong đó có 5 hòn đảo có người dân sinh sống.\r\nQuần đảo An Thới nằm tại phía Nam của  Phú Quốc, đảo thuộc vịnh Thái Lan được sự quản lí của xã Hòn Thơm, huyện Phú Quốc, tỉnh Kiên Giang, Việt Nam.\r\nNhững hòn đảo nơi đây nổi tiếng là những đảo đẹp với khung cảnh: Biển xanh – cát trắng – nắng vàng. Là nơi tập trung ngư dân đánh bắt hải sản, quần đảo An Thới. Vì vậy đây là nơi phù hợp cho những chuyến đi khám phá thiên nhiên, rong ruổi trên những đảo nhỏ.  Như Hòn Thơm, Hòn Móng Tay, Hòn Roi… còn giữ nguyên nét hoang sơ với bãi cát trắng. Bên cạnh đó bạn có thể câu cá hay câu mực đêm trên đảo.\r\n',0,'2020-05-20 22:50:54'),(26,26,1,'Đồi Hoa Cỏ Hồng – điểm hẹn của Đà Lạt tháng 12','Thời điểm cuối năm, xứ ngàn thông Đà Lạt được khoác trên mình một màu hồng nhẹ nhàng. Và cũng thời điểm này, nơi những con người tìm đến Đà Lạt để ngắm hoa, một loài hoa mang cho mình một màu sắc đặc trưng nhưng vô cùng dân dã đúng với cái tên của nó – Hoa Cỏ Hồng.','https://znews-photo.zadn.vn/w1024/Uploaded/qhj_pwqvdvicbu/2018_11_07/lannnannn.jpg\r\n','Khi những bông hoa dã quỳ còn đọng lại cho những ai đến du lịch Đà Lạt tháng 11 thì nơi đây lại chào đón một loài hoa mới và một lượng khách du lịch mới. Dễ hiểu khi Đà Lạt mang cho mình một cái tên thật đẹp – Thành phố ngàn hoa.\r\nThời điểm khi hoa dã quỳ kết thúc cũng là lúc đồi hoa cỏ hồng xuất hiện. Vào cuối tháng 11 là lúc hoa bắt đầu xuất hiện trên mảnh đất Đà Lạt xinh đẹp. Và đến hết tháng 12 thì loại này mới bắt đầu lụi tàn.\r\nThời điểm xuất hiện đến khi kết thúc cũng khá dài. Nên bạn có ý định lên Đà Lạt ngắm hoa thì chọn thời gian thích hợp nhất nhé.\r\n',0,'2020-05-22 14:50:54'),(27,27,1,'Tà Năng – Phan Dũng, nơi có đủ những trải nghiệm khác lạ','Bạn có thể đi qua những cánh đồng cỏ xanh mướt trải dài thẳng tắp, tự dọ tắm dưới những ngọn thác hùng vỹ, biết thêm nhiều loại cây mới là những trải nghiệm rất khác lạ mà bạn chỉ có khi đến với cung đường trekking Tà Năng – Phan Dũng.','https://image-us.eva.vn/upload/2-2018/images/2018-05-24/trekking-ta-nang---phan-dung-dep-nhung-day-hiem-nguy-ta-nang--phan-dung-1-1527127988-931-width660height367.jpg\r\n','Tà Năng – Phan Dũng được giới phượt thủ, những bạn trẻ đam mê trekking biết đến là một con đường trekking ấn tượng với những đồng cỏ xanh, lối đi đất đỏ uốn quanh những triền đồi đẹp như một bức tranh làm, nền cho khung cảnh ấy còn có những ngọn núi trập trùng ở phía xa.\r\nHành trình đi bộ trên cung đường nguy hiểm bậc nhất tại Việt Nam này dài 50 – 55km có thể kéo dài hai ngày một đêm hoặc ba ngày hai đêm tùy vào sức khỏe của người tham gia. Khi đến đây, các bạn sẽ không cảm thấy mệt mỏi bởi luôn có những điều mới mẻ chờ bạn khám phá.\r\nTuyến đường di chuyển của cung đường này chủ yếu qua địa phận xã Tà Năng (Đức Trọng, tỉnh Lâm Đồng) và Phan Dũng (huyệnTuy Phong, tỉnh Bình Thuận). Phía bên Tà Năng có nhiều đồi dốc với rừng thông thẳng tắp sẽ làm bạn liên tưởng đến Đà Lạt. Còn phía bên Phan Dũng có địa hình nhiều cát nên các loại cây phong phú hơn.\r\n',0,'2020-05-20 22:50:54'),(28,28,1,'Khám phá Bảo Lộc quên lối về','Bảo Lộc mặc dù không nổi tiếng, không trữ tình hay lãng mạng như “người hàng xóm” Đà Lạt. Nhưng nơi này vẫn xứng đáng là một viên ngọc thô đẹp đẽ đối với những ai biết tận hưởng vẻ đẹp nét bình yên, dung dị ấy.','https://mytourcdn.com/upload_images/Image/Location/12_5_2015/5-du-lich-cao-nguyen-bao-loc-mytour-11.jpg\r\n','Nếu du lịch Đà Lạt làm dao động tâm hồn du khách bằng thời tiết se lạnh, sương mù hay những hoa giăng kín lối thì du lịch Bảo Lộc lại hấp dẫn bởi nét bình yên, dung dị đến ngỡ ngàng. Thời gian 2 ngày cuối tuần để đến khám phá nơi này chắc chắn sẽ giúp bạn thỏa mãn niềm đam mê xê dịch của mình.\r\nBảo Lộc nằm trên QL.20, nằm cách Tp.Đà Lạt ngàn hoa khoảng 110 km và cách Tp.HCM khoảng 180km.\r\n',0,'2020-05-20 22:50:54'),(29,29,1,'Chinh phục đỉnh Bidoup “nóc nhà” Lâm Đồng','Nếu có dịp đến du lịch Đà Lạt trong hành trình khám phá cao nguyên Lang Biang, bạn hãy thử sức chinh phục Bidoup – đỉnh núi được xem như là “nóc nhà” của tỉnh Lâm Đồng.','https://divui.com/blog/wp-content/uploads/2018/04/Cong-vien-quoc-gia-nui-Bidoup-7.jpg\r\n','Những người hay đi Đà Lạt nói riêng hay đi du lịch trong nước nói chung chắc hẳn cũng đã một lần nghe nói tới Vườn quốc gia Bidoup – núi Bà (theo tên hai đỉnh cao nhất là Bidoup 2.287 m và đỉnh núi Bà trên dãy Lang Biang cao 2.167 m).\r\nVườn quốc gia Bidoup, khu bảo tồn sinh học khu dự trữ sinh quyển, có diện tích rộng và độ đa dạng sinh học cao, cảnh sắc đa dạng, được bảo tồn trong tình trạng cực kỳ tốt và hầu như không hề có dấu tích của rác thải, con người.\r\nKiểu rừng chủ yếu là rừng thông đỉnh Bidoup, nằm trên địa phận huyện Lạc Dương có đường TL723 nối từ Đà Lạt – Nha Trang cắt ngang (đèo Khánh Vĩnh/đèo Omega), và nằm ở phía đông bắc của Tp.Đà Lạt. Khi đi từ Đà Lạt về Nha Trang, đến cây xăng số 3 lúc trời trong, bạn có thể nhìn thấy rất rõ đỉnh núi cũng như hình dung được cung đường lên đỉnh núi khá dễ dàng.\r\nĐể đi đến vườn quốc gia Bidoup – Núi Bà, từ hồ Xuân Hương bạn đi ra phía hồ Than Thở, rồi theo đường TL723 về phía Nha Trang, qua khỏi Đạ Sar, Đạ Nhim. Tới trung tâm xã Đạ Nhim, bạn lưu ý là nếu rẽ trái theo bảng chỉ thì sẽ vào trụ sở vườn và trung tâm du khách của vườn. Nếu chỉ đi leo Bidoup, bạn đi thẳng thêm khoảng 10 km đến điểm có tọa độ 12.126361 – 108.613766 là tới điểm A, điểm đầu của một trong hai tuyến đường lên đỉnh.\r\n',0,'2020-05-20 22:50:54'),(30,30,1,'Khám phá Liang Dăm – Thác nước mang tên của người anh hùng ở Lâm Đồng','Liang Dăm có sự tích được kể như Thánh Gióng của người Cơ Ho. Khi dẹp tan quân thù, chàng biến mất ở một con thác cao hùng vỹ. Từ đó, tên chàng trở thành tên làng; dòng thác ngày đêm cuồn cuộn chảy mang phù sa, nước lành muôn đời nay trở thành dòng thác linh thiêng, hiện thân của chàng Liang Dăm.','https://photo-1-baomoi.zadn.vn/w1000_r1/2019_06_23_119_31196769/7326bf88cdc824967dd9.jpg\r\n','Cao nguyên Di Linh, Lâm Đồng ngày nay là vùng đất gắn liền bởi các dân tộc Cơ Ho, Mạ, Lạch… Theo lời kể của đồng bào dân tộc bản xứ nơi đây, vào thời xa xưa, trong cuộc chiến chống ngoại xâm của bộ tộc Cơ Ho, Liang Dăm xuất hiện như một anh hùng, đánh đâu thắng đó. Khi đánh đuổi giặc tới một ngọn thác, chàng bẻ cây trâm ven đường và hướng về kẻ thù. Trâm gãy tới đâu, quân giặc cứ dè nhau mà đâm chém. Giặc tan, chàng ẩn mình vào dòng nước trắng xóa của con thác mà không chờ dân làng báo ơn. Từ đó để ghi nhớ công ơn, người dân đã đặt tên làng là Liang Dăm và dòng thác cũng mang tên Liang Dăm. Sau này, tên thác đọc trại, phiên âm theo tiếng Kinh là Liên Đầm.\r\nLiang Dăm tồn tại trong tâm thức người Cơ Ho như một niềm tin, ước mơ lớn mạnh của dân tộc. Tên chàng được đặt cho làng, cho con thác hùng dũng. Dần dà, Liang Dăm được đọc theo tiếng Pháp, khi cao nguyên Di Linh được Bác sĩ Yersin phát hiện ra trước khi tới cao nguyên Lâm Viên; rồi người Kinh sau đó di cư tới đây và đọc trại thành Liên Đầm rồi hình thành xã Liên Đầm, một xã thuộc huyện Di Linh, cách trung tâm huyện khoảng 6km về hướng Nam. Cầu Liên Đầm bắc ngay sông Đa Ream rồi chảy qua những ngọn đồi trước khi đổ xuống vực sâu tạo thành thác Liang Dăm hay thác Liên Đầm. Khi khai thác du lịch, người ta gọi đó là thác Bobla đọc theo tiếng Cơ Ho là Pố Pla (nghĩa là đầu ngà voi) vì tương truyền nơi đây tìm được đầu voi có cặp ngà to tới mức ngựa không phi qua được. Từ đó, cái tên Liang Dăm ngày càng xa với du khách dù là tên gọi của người Cơ Ho bản địa.\r\n',0,'2020-05-20 22:50:54'),(31,31,1,'Hồ Tuyền Lâm sẽ trở thành KDL quốc gia đầu tiên của Việt Nam','Hồ tuyền Lâm Đà Lạt là một trong top những hồ nước đẹp nhất ở Đà Lạt hiện nay. Khi đến tham quan thành phố Đà Lạt, ngoài tham quan những vườn hoa những công trình kiến trúc nổi tiếng. Hay những thác nước nổi tiếng bậc nhất Đà Lạt. Thì điều mà du khách không thể nào bỏ qua khi đến với Đà Lạt. Đó chính là đến tham quan hai hồ nước vĩ đại nhất của Đà Lạt.','https://media.gody.vn/images/lam-dong/ho-tuyen-lam/1-2017/20170109082352-ho-tuyen-lam-gody%20(12).jpg\r\n','Hồ Tuyền Lâm nằm ở trung tâm của thành phố Đà Lạt. Nằm cách trung tâm khoảng 7 km, trải rộng hơn 350 ha. Đây là hồ nước ngọt rộng nhất Đà Lạt. Hồ có nhiều ốc đảo nhỏ, được bao bộc bởi khu rừng thông. Khi du khách đến đây tham quan không khỏi trầm trồ về hồ nước này. Bởi vẻ đẹp thiên nhiên bao la hùng vĩ.\r\nHồ Tuyền Lâm là nơi hòa quyện giữa sông và suối.  Núi đồi và những thảm rừng nguyên sinh. Tạo nên bức tranh thiên nhiên thanh bình, thơ mộng. Nơi đây vừa là điểm du lịch nghỉ mát lý tưởng. Thích hợp cho các hoạt động dã ngoại vui chơi giải trí. Khám phá thiên nhiên còn mang đậm nét hoang sơ.\r\n',0,'2020-05-20 22:50:54'),(32,32,1,'Khám phá Cù Lao Chàm – Khu dự trữ sinh quyển thế giới','Không chỉ chứa đựng một kho tàng về văn hóa, lịch sử đặc trưng của một cụm đảo đẹp, hoang sơ và hấp dẫn, Cù Lao Chàm còn hiện diện đầy đủ hệ sinh thái đa dạng đại diện cho vùng cửa sông, ven bờ và biển đảo cũng như tập trung cao nhất về thành phần loài, các quần thể, quần xã sinh vật từ trên rừng đến đại dương bao la.','https://znews-photo.zadn.vn/w1024/Uploaded/ngotno/2020_05_12/4719571878_108859b87c_k.jpg\r\n','Cù Lao Chàm thuộc xã đảo Tân Hiệp, thành phố Hội An, tỉnh Quảng Nam, nằm cách bờ biển Cửa Đại khoảng 15 km, là một cụm đảo với 8 hòn đảo lớn nhỏ: Hòn Lao, Hòn Dài, Hòn Mồ, Hòn Khô mẹ, Hòn Khô con, Hòn Lá, Hòn Tai và Hòn Ông.\r\nKhông chỉ chứa đựng một kho tàng về văn hóa, lịch sử đặc trưng của một cụm đảo đẹp, hoang sơ và hấp dẫn, Cù Lao Chàm còn hiện diện đầy đủ hệ sinh thái đa dạng đại diện cho vùng cửa sông, ven bờ và biển đảo cũng như tập trung cao nhất về thành phần loài, các quần thể, quần xã sinh vật từ trên rừng đến đại dương bao la. Trên đảo là hệ động thực vật khá phong phú, đặc biệt có loài chim Yến quý hiếm cư ngụ cùng nhiều loài động vật hoang dã. Dưới biển có nhiều ghềnh đá, nhiều dãy san hô lấp lánh tạo nên những khu vườn thuỷ cung huyền ảo với trăm nghìn loài cá cùng các loài hải sản miền nhiệt đới.\r\nĐến với Cù Lao Chàm, du khách sẽ được hoà mình trong bầu không khí trong lành của biển cả với những bãi cát vàng, làn nước xanh, thâm nhập cuộc sống dân dã trong sự đón tiếp nồng hậu của cư dân các làng chài; chiêm ngưỡng vẻ đẹp quyến rũ của các địa danh mang nhiều huyền thoại như bãi Hương, bãi Làng, hang Bà, Âu thuyền, chùa Hải Tạng; khám phá những rặng san hô đa sắc màu hay chinh phục những ngọn đồi hùng vĩ, tham gia vào đêm lửa trại và thưởng thức các món ăn đặc sản địa phương rất nổi tiếng như cua đá, hải sâm, ốc gai, sò điệp, ốc hương\r\n',0,'2020-05-20 22:50:54'),(33,33,1,'Bờ sông Hoài – tọa độ ngắm hoàng hôn đẹp ngẫn ngơ tại phố Hội','Nếu bạn muốn ngắm bình mình trên phố Hội hãy chờ đến khi mặt trời lặn, đây là thời điểm mà bạn có thể chụp đủ kiểu ảnh vừa cổ điển, vừa lãng mạn.','https://image.plo.vn/Uploaded/2020/cqjwqcdwp/2019_02_01/23-song-hoai_vdlj.jpg\r\n','Nằm rìa phố cổ, bờ sông Hoài chảy ngang thành phố Hội An không chỉ là điểm du lịch hút khách, còn là nơi hóng gió yêu thích mỗi sáng, chiều của dân địa phương. Dãy nhà cổ sơn vàng đặc trưng dọc hai bên bờ, hầu hết là hàng quán bán đồ ăn, thức uống trang trí kiểu xưa. Bạn có thể dừng chân nghỉ ngơi, chọn bàn hướng ra đường, nhìn người qua lại, tận hưởng chút bình yên nơi phố Hội.\r\nĐặc biệt, đoạn bờ sông kéo dài từ chùa Cầu đến chợ Hội An là một trong những nơi mà bạn có thể chiêm ngưỡng ánh hoàng hôn rất đẹp ở Hội An. Trước đây, đoạn gần chợ Hội An là chợ “chồm hỗm” (người bán buôn tự bày hàng ra đường). Sau này, nó mở rộng thành bến thuyền du lịch, bên cạnh bến thuyền cũ chở khách về xã Cẩm Kim.\r\n',0,'2020-05-20 22:50:54'),(34,34,1,'An Bàng – 1 trong 50 bãi biển đẹp nhất Thế giới','Nói đến du lịch Quảng Nam, người ta thường nhắc đến Phố cổ Hội An, biển Cửa Đại, biển Tam Thanh với những biển xanh, cát trắng, nắng vàng tạo ấn tượng khó phai nếu ai đã từng đặt chân đến đó. Tuy nhiên, thời gian gần đây cái tên An Bàng – là một trong những bãi biển đẹp nhất ở Quảng Nam mới được khai thác trong vài ba năm trở lại.','https://timeoutvietnam.com/files/2016/03/14/an-bang-xep-thu-1625-bai-bien-dep-nhat-chau-a-4.jpg\r\n','Là bãi biển nằm rất gần biển Cửa Đại, nhưng chỉ đến khi có mặt trong danh sách “50 bãi biển đẹp nhất thế giới” do trang CNNGo, biển An Bàng mới được nhiều người biết và tìm đến. Khác hẳn với bãi Cửa Đại lúc nào cũng sôi động và nhộn nhịp, biển An Bàng bình yên vắng lặng, là bến đỗ tâm hồn cho du khách sau những vất vả mệt nhoài của cuộc sống mưu sinh.\r\nĐứng từ xa, bạn sẽ thấy biển An Bàng như mang một màu ngọc xanh hun hút. Bãi biển nơi đây rất rộng, tràn ngập sắc xanh của nước, của trời, của những rặng phi lao bên bờ và những tràng hoa muống biển vươn mình trên cát trắng. Với bãi cát trải dài vô tận như một dải lụa màu trắng ngà, biển nơi đây thực sự mang ấn tượng bởi còn giữ gìn được dáng vẻ thơ mộng, hoang sơ.\r\n',0,'2020-05-20 22:50:54'),(35,35,1,'Phố Cổ Hội An – Di Sản thế giới','Người Hội An vốn giàu truyền thống văn hoá lại sớm giao lưu với thế giới bên ngoài, không biết tự bao giờ đã hình thành một bản sắc văn hoá độc đáo riêng và được giữ gìn, bảo tồn qua bao thế hệ cho đến hôm nay.','https://cdn.vntrip.vn/cam-nang/wp-content/uploads/2017/08/hoi-an-quang-nam-vntrip-1.jpg\r\n','Hội An là một thị xã cổ của người Việt, nằm ở vùng hạ lưu ngã ba sông Thu Bồn thuộc vùng đồng bằng ven biển tỉnh Quảng Nam, cách thành phố Đà Nẵng khoảng 30km về phía nam. Hội An từng được biết đến trên thương trường quốc tế với nhiều tên gọi khác nhau như Lâm Ấp, Faifo, Hoài Phố và Hội An.\r\nLà một kiểu cảng thị truyền thống Đông Nam Á duy nhất ở Việt Nam, hiếm có trên thế giới, Hội An giữ được gần như nguyên vẹn hơn một nghìn di tích kiến trúc như phố xá, nhà cửa, hội quán, đình, chùa, miếu, nhà thờ tộc, giếng cổ, mộ cổ… Các kiến trúc vừa có sắc thái nghệ thuật truyền thống của Việt Nam, vừa thể hiện sự giao lưu hội nhập văn hoá với các nước phương Đông và phương Tây. Trải qua nhiều thế kỷ, những phong tục tập quán, nghi lễ, sinh hoạt văn hoá, tín ngưỡng cũng như các món ăn truyền thống vẫn lưu giữ, bảo tồn cùng với bao thế hệ người dân phố cổ. Hội An còn có một môi trường thiên nhiên trong lành, êm ả với những làng nhỏ ngoại ô xinh xắn, có nghề thủ công như mộc, làm đồ đồng, gốm…\r\n',0,'2020-05-22 14:50:54'),(36,36,1,'Hang Hổ kỳ vĩ hang động lớn thứ 4 thế giới','Hang Hổ hang động lớn thứ tư Thế giới là trong những hệ hống hang động hùng vĩ nhất mới được khảo sát và đưa vào khai thác du lịch gần đây bao gồm 3 hang động lớn nằm sâu trong khu vực lõi của vườn quốc gia Phong Nha – Kẻ Bàng','https://phongnhaexplorer.com/wp-content/uploads/Son-Doong-Cave-1024x576.jpg\r\n','Điểm dừng chân đầu tiên trong hành trình khám phá đó chính là hang Hổ, được khảo sát và nghiên cứu bởi Hiệp hội Hang động Hoàng Gia Anh (British Caving Research Association – BCRA) vào năm 1997, với tổng chiều dài là 1616m và độ sâu 46m, cửa hang rộng khoảng 50m.\r\nTại đây, bạn sẽ được chiêm ngưỡng sự kì vĩ của hang với ba cửa hang chính và hàng trăm cây xanh cổ thụ bao quanh miệng hang, tất cả tạo nên một cảnh sắc thiên nhiên vô cùng đẹp mắt, hoang sơ mà tạo hóa đã ban tặng. Phía trong hang Hổ là những tảng đá lớn nối tiếp nhau dẫn đến một hồ nước sâu trong lòng hang, để đến được phía sau cửa hang bạn sẽ được thử sức bằng cách bơi vượt qua dòng suối dài khoảng 25m và nhiệt độ trung bình là 15 độ C với các trang thiết bị áo phao, mũ bảo hiểm và đèn được trang bị sẵn.\r\nĐiều thú vị nhất khi đến với Phong Nha – Kẻ Bàng đó là nhờ vào khí hậu khá ôn hoà và mát mẻ nên bạn có thể trải nghiệm khám phá hang động vào bất cứ mùa nào trong năm. Hãy một lần đến với Quảng Bình, vùng đất được mệnh danh là “Vương quốc hang động”, chắc chắn bạn sẽ được trải qua tất cả những cung bậc cảm xúc, từ bất ngờ cho đến thán phục khi tiến vào những hang động nguyên sinh, kỳ bí nằm sâu trong rừng núi và tách biệt khỏi thế giới ồn ào, hiện đại.\r\n',0,'2020-05-21 09:15:13'),(37,37,1,'Rào Đá – Khe Nước Lạnh vẻ đẹp hoang sơ ít người biết','Rào Đá – Khe Nước Lạnh với cảnh đẹp hoang sơ giữa đại ngàn, không khí trong lành, dòng nước trong xanh chảy len lỏi qua những khe đá, tạo thành một ấn tượng khó quên với du khách.','https://i1.wp.com/khamphadisan.com.vn/wp-content/uploads/2020/05/rao-da-khe-lanh-2.jpg\r\n','Là tỉnh giàu tài nguyên thiên nhiên du lịch hàng đầu Việt Nam, là tỉnh miền Trung có đường bờ biển dài nhất Việt Nam  cùng với nhiều bãi tắm đẹp như: Nhật Lệ, Bảo Ninh, Quang Phú, bãi Đá Nhảy,… Với nhiều di tích lịch sử, văn hóa, danh lam thắng cảnh nổi tiếng: Quảng Bình Quan, Lũy Thầy, Đèo Ngang, Vũng Chùa – Đảo Yến, Suối nước nóng Bang, Núi Thần Đinh… còn phải kể đến Rào Đá – Khe Nước Lạnh nằm mình huyền ảo, lung linh như một nàng tiên kiều diễm thu hút mọi ánh nhìn của du khách khi đặt chân đến nơi đây.\r\nRào Đá – Khe Nước Lạnh nằm cách trung tâm thành phố Đồng Hới khoảng chừng 40 km về phía tây nam, chảy qua địa bàn xã Ngân Thủy (huyện Lệ Thủy) và xã Trường Xuân (huyện Quảng Ninh), tỉnh Quảng Bình. Những ai lần đầu đặt chân đến với nơi này sẽ có cảm giác như lạc sâu vào một không gian yên bình giữa cánh rừng lớn.\r\nRào Đá – Khe Nước Lạnh là điểm đến vừa lạ vừa quen với bầu không khí trong trẻo, núi non hoang sơ hùng vỹ bao quanh, vẻ cô tịch của sương khói đang vờn trên đỉnh núi xa xa. Dòng suối róc rách, những tảng đá to đan xen với những hòn đá nhỏ như một “Hạ Long” thu nhỏ ẩn mình trên triền núi.\r\n',0,'2020-05-21 09:15:13'),(38,38,1,'Công viên Ozo tọa độ tránh nóng tuyệt vời cho mùa hè','Nếu bạn đang tìm một tọa độ để tránh đi cái nóng oi bức mùa tại Quảng Bình thì Công viên Ozo (Ozo Treetop Park) là một gợi ý không thể tuyệt vời trong mùa hè này.\r\nNằm tọa lạc trong quần thể VQG Phong Nha – Kẻ Bàng, Ozo Treetop Park là viên có hệ thống trò chơi trên cây dài nhất và cũng là một trong những công viên nằm trong rừng nguyên sinh đầu tiên tại Việt Nam.\r\n','https://dulichvietnam.com.vn/data/M%C3%B9a-h%C3%A8-l%C3%A0-d%E1%BB%8Bp-t%E1%BB%91t-nh%E1%BA%A5t-%C4%91%E1%BB%83-b%E1%BA%A1n-du1.gif\r\n','Có 2 cách để di chuyển đến với Công viên Ozo: Cách 1: Di chuyển từ Trung tâm Du lịch, sau đó rẽ vào đường 36m – đường 20 Quyết thắng và đi thẳng đến Công viên Ozo. (Cách Vườn thực vật khoảng 5km; nằm ngay cạnh ngã tư cầu Trạ Ang)\r\nCách thứ 2: Đi từ Cầu Xuân Sơn, lên đến Troóc rồi rẻ vào đường Hồ Chí Minh nhánh Tây (đi qua Sông Chày – Hang Tối, Suối nước Moọc và động Thiên Đường) đến ngã tư Cầu Trạ Ang, rẽ vào đường 20 Quyết thắng khoảng 200m là đến Công viên Ozo.\r\nTại công viên Ozo hiện có 2 khu vực chính đó là Ozo Thượng và Ozo Hạ và được chia theo từng độ tuổi và sở thích của du khách. Đến với Ozo Treetop Park, các bạn sẽ được tự do trải nghiệm giữa một khung cảnh thiên nhiên hoang dã, được tham gia các trò chơi cảm giác mạnh trên cây cũng như: chèo thuyền, tắm thác đầy thú vị.\r\n',0,'2020-05-21 09:15:13'),(39,39,1,'Hang Chà Lòi – Điểm đến ấn tượng cho các tín đồ thích trải nghiệm, khám phá','Hệ thống hang Chà Lòi (thuộc xã Ngân Thủy, huyện Lệ Thủy, Quảng Bình) nằm bên cạnh Vườn Quốc gia Phong Nha – Kẻ Bàng, cách trung tâm TP Đồng Hới khoảng 40km theo hướng Tây Nam. Nơi đây đã từng in dấu ấn của Đại tướng Võ Nguyên Giáp – người anh cả của Quân đội nhân dân Việt Nam và cũng là nơi sinh sống của đồng bào dân tộc Bru Vân Kiều.','https://i0.wp.com/phongnhaadventuretours.com/wp-content/uploads/2019/12/dong-cha-loi.jpg?resize=783%2C523&ssl=1\r\n','Nằm dưới chân một ngọn núi đá vôi, vượt qua cánh đồng xanh tốt, những rặng chuối rừng, cùng những ngôi nhà sàn nhỏ xinh của đồng bào Bru Vân Kiều, hiện ra trước mắt du khách là một cửa hang hẹp với diện tích khoảng 4m2 nhưng đằng sau đó lại mở ra một thế giới vô cùng rộng lớn. Với cấu trúc hang được thiết kế 3 tầng, chiều rộng từ 30 – 100m, chiều cao trung bình 60m, có những đoạn cao nhất với chiều cao khoảng 90m.\r\nChà Lòi được đưa vào khai thác phục vụ khách du lịch vào đầu năm 2019, trên cơ sở khai thác các lợi thế và tiềm năng tự nhiên sẵn có gần khu vực huyện Quảng Ninh và huyện Lệ Thủy, để từ đó tạo những sản phẩm kết nối thành một chuỗi các điểm đến thu hút khách du lịch trong vùng như suối nước nóng Bang, Nhà lưu niệm Đại tướng Võ Nguyên Giáp, Lăng mộ Lễ Thành Hầu Nguyễn Hữu Cảnh, chùa Hoằng Phúc, núi Thần Đinh…\r\nChương trình khám phá Chà Lòi cũng tập trung duy trì và tôn tạo cảnh quan thiên nhiên, gắn chặt với việc bảo tồn và phát huy các giá trị văn hóa địa phương, tập trung huy động mọi nguồn lực cho sự phát triển du lịch; tăng cường các hoạt động du lịch, khám phá trải nghiệm, vui chơi, giải trí để đáp ứng nhu cầu cho nhiều đối tượng khách ở khắp nơi.\r\n',0,'2020-05-21 09:15:13'),(40,40,1,'Phong Nha – Kẻ Bàng một trong hai điểm đến đáng để trải nghiệm ở Việt Nam','Phong Nha – Kẻ Bàng vừa được tạp chí Du lịch uy tín hàng đầu thế giới Lonely Planet công bố là điểm đến xếp thứ 2 trong 15 điểm đến đáng trải nghiệm nhất Việt Nam năm 2017.','https://huesmiletravel.com.vn/images/dong-phong-nha-05.jpg\r\n','Ngày 18/12/2017, ông Hồ An Phong, Giám đốc Sở Du lịch Quảng Bình cho biết: Phong Nha – Kẻ Bàng đã được Tạp chí Du lịch uy tín hàng đầu thế giới Lonely Planet công bố là điểm đến xếp thứ 2 trong 15 điểm đến đáng trải nghiệm nhất Việt Nam năm 2017.\r\nTheo Lonely Planet, Phong Nha – Kẻ Bàng là Di sản thiên nhiên thế giới nổi bật của Việt Nam với 2 lần được UNESCO vinh danh vào năm 2003 và 2015; đây là thiên đường của các nhà thám hiểm, những người yêu thích khám phá hang động và thiên nhiên, nơi có hệ thống núi đá karster cổ nhất châu Á được hình thành khoảng 400 triệu năm trước với hang ngàn hàng động hùng vĩ, tráng lệ, hệ thống sông ngầm kỳ diệu mang giá trị nổi bật toàn cầu.\r\nVới điểm nổi bật là hệ thống hang động, những điểm du lịch sinh thái, di tích lịch sử và chiến tranh cùng các hoạt động khám phá thiên nhiên bằng đi bộ leo núi, xe đạp… cùng cơ sở hạ tầng phát triển nhanh, các dịch vụ du lịch đa dạng và chất lượng ngày càng cao, khách du lịch cần lưu trú ít nhất 3 – 5 ngày mới cảm nhận được hết vẻ đẹp của điểm đến này.\r\n',0,'2020-05-21 09:15:13'),(41,41,1,'Đến Côn Đảo thăm lại nhà tù – Nơi địa ngục trần gian','Nhà tù Côn Đảo được biết đến như một “địa ngục trần giang”, là nơi giam cầm, đày đọa hàng chục vạn chiến sĩ cách mạng và những người yêu nước Việt Nam. Là nơi ghi dấu những trang sử hào hùng của dân tộc thông qua các di tích lịch sử còn nguyên giá trị cho đến ngày nay.','https://mytourcdn.com/upload_images/Image/Location/19_9_2015/7-du-lich-bien-con-dao-mytour-2.jpg\r\n','Nơi đây có một hệ thống các cụm công trình như: Chuồng Cọp, Chuồng Bò, trại Phú Hải, cầu Ma Thiên Lãnh, sở Lò Vôi, sở Muối… Nhà tù Côn Đảo là một điểm không thể bỏ sót khi đến với Côn Đảo. Nơi đây đã được Thủ Tướng Chính Phủ Việt Nam đưa vào danh sách 23 di tích quốc gia đặc biệt.\r\nNhà tù Côn Đảo thuộc loại lớn nhất, lâu đời nhất ở Việt Nam. Và cũng là “trường đại học” lớn nhất của những người Cộng Sản.\r\nNhà tù Côn Đảo không chỉ ghi lại những câu chuyện kiên trung của người cách mạng, những hành động vi phạm nhân quyền của thực dân Pháp mà còn thể hiện được tình người, tình yêu trong chốn “địa ngục trần giang”.\r\nNếu đã đến Côn Đảo bạn không thể bỏ qua nhà tù Côn Đảo. Nơi đây bạn sẽ được trải nghiệm trọn vẹn nhất những khoảnh khắc tra tấn dã man, tàn bạo nhất. Nhưng qua đó chúng ta thấy được tin thần bất khuất, kiên cường của dân tộc ta.\r\n',0,'2020-05-21 09:15:13'),(42,42,1,'Cảng Bến Đầm – Hành trình khám phá đầu tiên','Cảng Bến Đầm được xem là điểm tham quan Côn Đảo đầu tiên trong hành trình khám phá khi bạn di chuyển đến Côn Đảo bằng tàu. Nơi đây bạn có thể tìm hiểu chân thực nhất về văn hóa, cách sinh sống và hoạt động của người dân vùng biển nói riêng và Vũng Tàu nói chung, cũng như tham gia các hoạt động thể thao biển cực kì thú vị và mới mẻ.','https://2.bp.blogspot.com/-ZpLi7-qx6Rk/WWQvmnC0DCI/AAAAAAAAEjY/dkxQzW-9jZsPjqgGx45CmCoGgWP-_ln-QCLcBGAs/s1600/con-dao-1.jpg\r\n','Cảng Bến Đầm nằm gọn trong vịnh Bến Đầm nơi có các dãy núi hùng vĩ, xanh ngắt bao bọc và che chắn.\r\nBến Đầm là một vịnh nước có độ sâu trung bình là 12 m, diện tích cảng Bến Đầm rộng tới 33 ha và có chiều dài khu vực cảng hơn 2 km, với 220 m cầu dẫn, cùng 82 m cầu biển, nằm cách trung tâm Côn Đảo 15 km.\r\nĐược xem là cửa ngõ chính thức của Côn Đảo, nơi ra vào của hàng nghìn tàu bè và là địa điểm tham quan đầu tiên trong hành trình du lịch tại Côn Đảo. Là một bến cảng luôn sôi nổi và đa dạng các hoạt động từ hoạt động trung chuyển hành khách, hàng hóa cho đến cảnh buôn bán, dịch vụ hậu cần biển.\r\nĐối với người dân vùng biển cảng Bến Đầm là “nơi trú bão” tuyệt vời, đã gồng mình cùng họ vượt qua nhiều đợt mưa gió bão bùng quanh năm.\r\n',0,'2020-05-21 09:15:13'),(43,43,1,'Vịnh Đầm Tre điểm đến hoang sơ ít người biết đến tại Côn Đảo','Nhắc đến Côn Đảo, chắc chắn rằng dân du lịch sẽ thuộc nằm lòng các điểm đến nổi tiếng như: Nghĩa trang Hàng Dương, bảo tàng Côn Đảo… nhưng vịnh Đầm Tre chắc vẫn còn ít người biết đến.','https://toptravels.vn/wp-content/uploads/2018/07/vinh-dam-tre-o-con-dao.jpg\r\n','Vịnh Đầm Tre cách trung tâm thị trấn Côn Sơn khoảng 17km theo phía Bắc. Từ Cầu Tàu 914, di chuyển theo hướng về sân bay Cỏ Ống khoảng 12km, bạn sẽ thấy biển chỉ dẫn tay phải vịnh Đầm Tre 5km. Bạn đừng đi vào tay phải vì ngõ cụt, cũng đừng rẽ trái qua sân bay mà hãy quay ngược lại khoảng vài chục mét, bên tay trái có đường mòn đất đỏ dẫn xuống bãi biển Dong. Từ bãi Dong, bạn đi thẳng theo đường biển về hướng Bắc.\r\nĐi hết bãi biển, nhìn về hướng rừng, núi bên tay trái – nơi có con suối nhỏ chạy ra biển, đi vào một đoạn, bạn sẽ thấy đường mòn chỉ dẫn đi vịnh Đầm Tre 3km nữa. Đường ra vịnh rất dễ đi với một lối mòn duy nhất. Tuy nhiên, đường khá vắng và hoang vu, quang cảnh tĩnh lặng đến đáng sợ. Trong hành trình của mình, có lúc bạn sẽ gặp cả bầy khỉ hú hét xông đến như muốn tuyên bố lãnh thổ của chúng. Khi đó, hãy giữ bình tĩnh và đừng có động thái chọc giận chúng.\r\n',0,'2020-05-21 09:15:13'),(44,44,1,'Hồ Yên Trung – vẻ đẹp “lụi tim” vùng đất mỏ Quảng Ninh','Với cảnh sắc sơn thủy hữu tình mà vẫn giữ nguyên được nét hoang sơ vốn có, hồ Yên Trung từ lâu đã trở thành điểm đến quen thuộc của biết bao du khách khắp nơi. Quanh năm mặt hồ yên ắng, nép mình bên hàng thông xanh, chỉ vậy thôi cũng đã làm biết bao con tim ngẩn ngơ rồi đấy nhé !','https://cdn.vntrip.vn/cam-nang/wp-content/uploads/2018/06/ho-yen-trunga-e1530006516391.jpg\r\n','Hồ Yên Trung thuộc địa phận thành phố Uông Bí, tỉnh Quảng Ninh. Nằm nép mình gần bên quốc lộ 18A. Nơi đây được xem là hồ nước rộng nhất của tỉnh Quảng Ninh. Nước ở đây khá sâu, bao quanh hồ là những đồi thông nhấp nhô. Đặc biệt ở giữa hồ Yên Trung nổi lên hai hòn đảo lớn nhỏ được người dân gọi là đảo con Rùa. Mặt hồ quanh năm vẫn luôn êm đềm, hiền hòa, sóng gợn lăn tăn. Mang đến cho du khách những khoảnh khắc vô cùng yên bình và thư thái.\r\nHồ Yên Trung mang chút gì đó vừa trữ tình, vừa thơ mộng. Làm lòng người xao xuyến bâng khuâng mỗi khi có dịp dạo quanh. Khác hẳn không gian ồn ào, bụi bặm của thành phố mỏ, ngay từ con đường nhỏ dẫn vào nơi đây, du khách sẽ như lạc vào một không gian hoàn toàn khác. Hai bên đường phủ một màu xanh mướt của những rặng thông. Đi sâu vào là khung cảnh yên bình, xanh mát của hồ Yên Trung dần hiện ra, thu dần vào tầm mắt.\r\nVẻ đẹp nơi đây mang màu xanh của sơn thủy hữu tình. Màu xanh của mây trời, của nước hồ mênh mông. Hòa cùng sắc xanh của rừng thông bạt ngàn đang vươn cao vút trời, tràn đầy nhựa sống. Tất cả như cùng ôm trọn lấy lòng hồ, in bóng xuống mặt nước trong veo. Một cảnh tượng ngỡ đẹp như tranh tiên cảnh.\r\n',0,'2020-05-21 09:15:13'),(45,45,1,'Khám phá bản Sông Moóc “Sapa thu nhỏ” của Bình Liêu','Nằm ở lưng chừng núi, bản Sông Moóc – xã Đồng Văn (huyện Bình Liêu) được bao bọc bởi núi cao, mây phủ, chập chùng ruộng bậc thang dát một màu lúa chín, thấp thoáng những ngôi nhà cổ và thác nước hiền hòa xa xa… Cảnh quan trong lành, yên bình, hoang sơ đặc trưng này được dưới phượt thủ ví là “Sa Pa thu nhỏ” tại vùng cao Bình Liêu.','https://www.ahalong.com/uploads/Blog/SongMocHouse/ahalong_songmochouse_binhlieu2.jpg\r\n','Bản Sông Moóc có tổng diện tích tự nhiên khoảng 375 ha. Trong đó, diện tích đất sử dụng nông nghiệp là 69ha. Nằm trên độ cao trên 1000m, toàn bộ bản nằm trên sườn hệ thống núi Phiêng Chè – Cao Ba Lanh. Vì thế, bản Sông Moóc được phân hóa độ cao rõ rệt, nơi thấp nhất chỉ cao hơn mực nước biển chừng 300m và nơi cao nhất lại hơn 700m so với mực nước biển.\r\nChính đặc điểm này đã tạo nên một bản làng nằm giữa trùng điệp núi rừng với cảnh đẹp nên thơ, đẹp mắt, mang đủ những đặc trưng của vùng cao Bình Liêu. Với đặc trưng trên, đất canh tác ở đây chủ yếu là ruộng bậc thang nối tiếp nhau.\r\nKhi đến với bản Sông Moóc chắc hẳn bạn sẽ không khỏi phải trầm trồ trước một khung cảnh đầy hoang sơ và trong lành của bản làng giữa núi rừng, đặc biệt là những thửa ruộng bậc thang nằm trên những triền đồi nhuộm vàng rực, đan xen là màu xanh của núi rừng, của sương mờ, mái nhà cổ, mây trắng bao phủ hầu như quanh năm. Khoảng thời điểm đẹp nhất của bản Sông Moóc là khi thu về, khi mùa lúa đang ở độ chín, cả bản làng như một bức tranh đa sắc màu.\r\n',0,'2020-05-21 09:15:13'),(46,46,1,'Làng chài Cửa Vạn – 1 trong 16 ngôi làng cổ đẹp nhất thế giới','Là 1 trong 16 ngôi làng cổ đẹp nhất thế giới được trang du lịch Journeyetc.com bình chọn, làng chài Cửa Vạn (Quảng Ninh) đang ngày càng thu hút được nhiều khách du lịch đến tham quan và trải nghiệm cuộc sống tại đây.','https://znews-photo.zadn.vn/w660/Uploaded/jac_iik/2014_08_05/1_3.jpg\r\n','Làng chài Cửa Vạn nằm trên vịnh Hạ Long có nguồn gốc từ hai làng chài cổ đó là: Giang Võng và Trúc Võng. Đến đây, bạn không chỉ được hòa mình vào không gian yên tĩnh, thanh bình, được ngắm khung cảnh thiên nhiên sơn thủy hữu tình, tìm hiểu đời sống văn hóa của ngư dân mà còn được những người dân làng chài trực tiếp chỉ dẫn cách chèo thuyền, giăng lưới, đánh bắt tôm cá… Những người dân làng chài chất phác, giản dị nhưng hết sức nhiệt tình và mến khách cũng là một trong những điều mà du khách đánh giá cao khi tới đây du lịch.\r\nĐể gìn giữ và bảo tồn những nét đẹp của văn hóa làng chài mà Trung tâm văn hóa nổi Cửa Vạn đã được xây dựng. Đây cũng là mô hình làng văn hóa nổi đầu tiên dành cho ngư dân vùng biển tại Việt Nam. Để giúp mọi người có thể có thêm những hiểu biết về cuộc sống nơi xóm chài, những người quản lý trung tâm đã tiến hành tổ chức những hoạt động giao lưu giữa dân chài và du khách, trưng bày những dụng cụ, phương tiện đánh bắt hải sản của người Việt cổ cũng như những hình ảnh, phim tư liệu, các ấn phẩm về văn hóa dân gian, đời sống của những cư dân làng chài sống trên Vịnh Hạ Long xưa và nay…\r\n',0,'2020-05-21 09:22:34'),(47,47,1,'Bình Liêu “nấc thang lên thiên đường”','Bình Liêu là cái tên mới nổi trong bản đồ du lịch Quảng Ninh nói riêng và miền Bắc nói chung từ mùa hè này. Bình Liêu là huyện nằm ở phía Đông Bắc tỉnh Quảng Ninh, có cấu trúc địa hình đa dạng của miền núi cao; có một số đỉnh núi trên 1.000 m so với mực nước biển; ngoài ra còn có những thửa ruộng bậc thang và những đồi cỏ lau đẹp như cổ tích.','https://imagesfb.tintuc.vn/upload/images/quangninh/20170423/du-lich-mien-co-lau-binh-lieu-mytour-1%20(1).jpg\r\n','Thời gian gần đây, du khách đi Bình Liêu ngày một nhiều một phần là bởi vẽ đẹp như tranh vẽ của đồi cỏ lau trắng muốt đu đưa theo gió…\r\nNgọn đồi thoai thoải, ở giữa là bậc thang dẫn lên đỉnh tựa như “nấc thang lên thiên đường”. Nơi được các bạn sẽ đưa nhau chụp ảnh nhiều nhất nằm ở gần cột mốc chủ quyền 1297.\r\nTừ Hà Nội đễ đến với Bình Liêu có 2 cung đường: cung thứ 1 là 278 km (đi qua Lạng Sơn) và cung thứ hai là 269 km (đi đến Hạ Long), mất khoảng 6 – 8 tiếng tùy theo phương tiện là xe khách hay xe máy.\r\nHiện tại du lịch tại Bình Liêu chưa thực sự phát triển, không có nhiều nhà nghỉ và nhà hàng cho bạn chọn nhưng bù lại, phong cảnh nơi đây mang vẻ đẹp hoang sơ, chưa có sự can thiệp nhiều của bàn tay con người.\r\n',0,'2020-05-21 09:22:34'),(48,48,1,'Khám Phá Đảo Cái Chiên, điểm đến đẹp không ngờ ngay ở Quảng Ninh','Sở hữu bãi biển dài gần 2km với cát trắng mịn, thiên nhiên còn hoang sơ xanh tươi mát mẻ nhưng vẫn đủ dịch vụ ăn, nghỉ cần thiết…Cái Chiên được xem là viên bích ngọc trong túi ngọc ngũ sắc ở Quảng Ninh, Đây là điểm đến khá mới rất thích hợp cho các chuyến dã ngoại cuối tuần.','https://pystravel.vn/wp-content/uploads/2016/07/cai-chien-pys-travel007.jpg\r\n','Cuối tuần được rủ nhau đi du lịch đang là trào lưu được giới trẻ và dân văn phòng rất ưa thích, bởi sau một tuần vùi đầu vào công việc, học tập, người ta thực sự muốn có những giây phút rời xa với chốn phố thị ồn ào. Thực ra điểm du lịch gần Hà Nội thì nhiều lắm, có đến hàng chục nơi như Tam Đảo, Vườn quốc gia Ba Vì, Hồ Núi Cốc, Hồ Đại Lải, Thung Nai… Nhưng hiện tại đang là mùa hè, mà mùa hè thì đi biển mới là nhất. Cứ nghĩ mà xem được thoải mái vẫy vùng trong làn nước mát, rồi ngồi yên lặng nghe sóng vỗ rì rào, đấy chẳng phải là kiểu thư giãn thật sự mà ai cũng mong ước hay sao.\r\nNói về các vùng biển gần Hà Nội có thể đi trong dịp cuối tuần, thì Quảng Ninh là đối thủ nặng kí dẫu rằng so với Hải Phòng, Thanh Hóa, chúng xa hơn rất nhiều. Lý do là bởi Quảng Ninh có Cô Tô, Quan Lạn, những bãi biển đẹp có tiếng ở miền Bắc. Còn nếu bạn ngại những điểm đến kia đông đúc? Vậy thì hãy ghé Đảo Cái Chiên, nơi đang là điểm đến yêu thích của giới trẻ khi tới Quảng Ninh.\r\n',0,'2020-05-21 09:22:34'),(49,49,1,'Thác A Nor vẻ đẹp người thiếu nữ miền sơn cước','Là một trong bốn ngọn thác đẹp nằm ẩn mình giữa núi rừng A Lưới, Thác A Nor không chỉ tuyệt đẹp, dịu dàng như người thiếu nữ miền sơn cước, mà còn có sự trầm hùng, kỳ vĩ và mang dáng vẻ rắn rỏi của một chàng trai Pa Cô.','https://khamphadisan.com.vn/wp-content/uploads/2020/04/thac-a-nor-8-1200x800.jpg\r\n','Nằm ẩn mình giữa đại ngàn Trường Sơn, thác A Nôr được ví như một thiếu nữ đang chải chuốt mái tóc dài quyến rũ. Nơi này đang trở thàng một trong những điểm đến được nhiều bạn trẻ và du lịch lựa chọn làm điểm đến trong mỗi dịp hè về.\r\nNgười dân A Lưới có câu nói: “Chưa thăm A Nôr như chưa đến A Lưới”. Thác A Nor nằm cách trung tâm huyện A Lưới 3km, thuộc làng Việt Tiến, xã Hồng Kim. Từ thành phố Huế di chuyển lên đây tầm khoảng 70km\r\nNgười dân quanh vùng gọi A Nor là dòng thác 7 tầng, bởi thác không dựng đứng mà nằm thoải sâu vào rừng rậm, tạo ra 7 tầng. Việc chinh phục 7 tầng thác khá khó khăn bởi chưa có đường để leo, chỉ để người dân đi lại vài lần tạo nên đường mòn hiểm hách.\r\nĐến với thác A Nô bạn sẽ được chiêm ngưỡng một dòng nước trắng xóa đổ xuống thành ba ngọn thác liên hoàn cao 8m, 60m và 120m làm nên một thác A Nôr hoang sơ và quyến rũ. Phía dưới chân thác là một hồ nước khá rộng. Nơi đây có thể bơi lội và tha hồ “xông” hơi nước mát.\r\n',0,'2020-05-21 09:22:34'),(50,50,1,'Người Huế mê mẩn săn mây ở Đỉnh Hòn Vượn','Du lịch Huế từ lâu đã nổi tiếng với nhiều danh lam – thắng cảnh. Chúng ta thường nghe nhắc đến cầu Trường Tiền, sông Hương, lăng tẩm, kinh thành cổ kính thì Huế còn có nhiều cảnh đẹp tuyệt vời khác đang đợi mọi người đến khám phá. Một trong những địa điểm du lịch ở Huế được nhiều người yêu thích hiện nay phải kể đến đỉnh Hòn Vượn Huế. Bởi tại đây, ngoài săn mây, du khách sẽ được chiêm ngưỡng toàn cảnh núi non hết sức nên thơ.','https://songgiatri.com/wp-content/uploads/2019/06/H%C3%B2n-B%E1%BB%93.jpg\r\n','Đỉnh Hòn Vượn nằm ở thôn Đồng Chầm, xã Hương Hồ, huyện Hương Trà, tỉnh Thừa Thiên Huế. Để chinh phục được đỉnh Hòn Vượn, con đường trải qua là khá khó khăn. Nếu không có người dẫn đường thì các bạn không nên đi một mình nhé kẻo lạc đường  nhé. Sau đây là hướng dẫn đường đi:  Đầu tiên bạn xuất phát từ theo hướng đi chùa Thiên Mụ, qua Văn Thánh, Võ Thánh. Khi nào tới cầu Xước Dũ đi tầm 1km sẽ tới thôn Đồng Chầm.\r\nSau đó, theo lộ trình này đi tiếp cỡ 3km là đến Huyền Không Sơn Thượng. Bạn có thể gửi xe ở chỗ giữ xe của nhà chùa nếu đi về trong ngày. Nếu xác định đi chơi qua đêm ở lại thì bạn nên dắt xe vào thẳng chùa xin để lại.\r\nCó thể nói, đỉnh Hòn Vượn Huế thích hợp cho những ai mê du lịch khám phá. Đây chắc chắn sẽ là hành trình thú vị khi bạn đặt chân đến Hòn Vượn. Mùa hè này, hãy cũng nhóm bạn đến đây để có những trải nghiệm tuyệt vời nhé.\r\n',0,'2020-05-21 09:22:34'),(51,51,1,'Chùa Thiền Lâm “Xứ chùa Vàng” giữa lòng Cố đô','Là vùng đất thịnh về phật giáo nên Huế có rất nhiều ngôi chùa nổi tiếng với những lối kiến trúc độc đáo và chùa Thiền Lâm cũng không ngoại lệ. Mang đậm nét kiến trúc Thái Lan chùa Thiền Lâm đang trở thành một điểm đến mới lạ, đầy lôi cuốn du khách khi đến với xứ Huế.','https://dulichvietnam.com.vn/vnt_upload/news/03_2020/chua_thien_lam_hue_5_1.jpg\r\n','Là một trong những ngôi chùa độc đáo có lối kiến trúc đậm nét Thái Lan và khác lạ bậc nhất xứ Huế. Chùa Thiền Lâm còn có tên gọi khác là chùa Phật Đứng – Phật Nằm, nằm tọa lạc tại đồi Quảng Tế, thôn Thượng 2, xã Thủy Xuân, thành phố Huế. Chùa thuộc hệ phái Nam Tông do ngài Hộ Nhẫn lập vào năm 1960. Nơi đây là chốn tu học của các tăng ni Phật tử và những ai yêu vẻ đẹp yên bình, không gian thanh tịnh.\r\nCó thể nói chùa Thiền Lâm Huế là ngôi cổ tự duy nhất theo phái Nam Tông được kế thừa từ kiến trúc truyền thống của các quốc gia Phật giáo trên thế giới, rất khác biệt so với những ngôi chùa ở Huế. Nếu xét về mặt kiến trúc, chùa mang dáng vẻ của những ngôi chùa truyền thống dát vàng ở Thái Lan có tháp hình xoắn ốc. Nhưng khi bước vào khuôn viên của ngôi chùa, bạn sẽ tưởng chừng như mình đang đến Miến Điện với xứ sở chùa vàng, hay về lại với Ấn Độ với các kiến trúc tinh tế ở các bia mộ.\r\n',0,'2020-05-21 09:22:34'),(52,52,1,'Đàn Nam Giao – đàn tế trời còn sót lại duy nhất của Việt Nam','Đàn Nam Giao là nơi được nhà vua làm Lễ tế trời thường diễn ra vào mùa xuân hàng năm, đàn được xây dựng vào năm 1806 dưới thời vua Gia Long, cách kinh thành Huế khoảng 4km về phía nam. Đây là một di tích trong quần thể di tích cố đô Huế và cũng là đàn tế duy nhất còn tồn tại ở Huế.','https://i1.wp.com/khamphadisan.com.vn/wp-content/uploads/2018/11/dan-nam-giao-khamphadisan-2-1.jpg\r\n','Đàn Nam Giao thuộc phường Trường An, thành phố Huế. Lễ tế Đàn Nam Giao là một nghi thức được xếp vào hàng Đại tự (tức lễ lớn), là nghi lễ quan trọng của triều Nguyễn, chỉ có nhà vua mới có quyền làm lễ tế giao. Dưới triều đại nhà Nguyễn, lễ tế giao được tổ chức mỗi năm một lần và kéo dài đến 3 ngày. Từ sau đời vua Thành Thái đến năm 1945, lế tế trời được tổ chức 3 năm 1 lần. Đến thời vua Bảo Đại, thời gian lễ tế trời rút lại chỉ còn một ngày.\r\nĐàn Nam Giao có diện tích khoảng 10ha, khuôn viên có diện tích khoảng 265m x 390m, bao gồm ba tầng, xây chồng lên nhau, quay mặt về hướng Nam. Tầng thứ nhất là hình vuông tượng trưng cho người dân, vòn lan can được sơn màu đỏ.\r\nTiếp đến là tầng thứ hai với màu vàng, hay còn gọi là Phương đàn, tầng này vòng lan can được tô màu vàng tượng trưng cho đất.\r\nKiến trúc của Đàn Nam Giao phản ánh rõ quan niệm về vũ trụ trong văn hóa phương Đông: Thuyết Tam tài (Thiên, Địa, Nhân); Trời tròn, đất vuông; Thiên thanh, địa hoàng.\r\n',0,'2020-05-21 09:22:34'),(53,53,1,'Chùa Ông – nét văn hóa của người Hoa giữa lòng Cần Thơ','Là một di tích lịch sử văn hóa có tuổi đời hơn trăm năm và được nhiều thế hệ giữ gìn trọn vẹn đến nay, và đã trở thành một phần tâm hồn và di sản của người dân Tây Đô. Đó là miếu thờ Quan Đế mà người dân vẫn thường quen gọi bằng tên thân thuộc Chùa Ông.','https://thamhiemmekong.com/wp-content/uploads/2019/05/chua-ong-can-tho.jpg\r\n','Nằm ngay trung tâm Tp.Cần Thơ, nhìn ra Bến Ninh Kiều, chùa Ông – còn có tên gọi khác là Quảng Triệu Hội Quán – đây là ngôi chùa cổ hiếm hoi của Tp.Cần Thơ vẫn giữ được nguyên hiện trạng từ những  lập chùa cho đến nay hơn 120 tuổi mang đậm dấu ấn văn hóa người Hoa.\r\nChùa Ông nằm nổi bật giữa dãy phố với kiến trúc, màu sắc rực rỡ mang đặc trưng của văn hóa người Hoa. Chùa được trang trí bằng những hình nhân, sành sứ tái hiện lại những điển tích, truyền thuyết Trung Hoa như: chuyện Tam Quốc Chí, Bát Tiên quá hải… trên bờ nóc và hai bên cổng tam quan. Những chiếc lồng đèn được treo hai bên cửa.\r\nChùa Ông cùng với những danh thắng khác như: chợ nổi Cái Răng, Bến Ninh Kiều, Nhà cổ Bình Thủy,… đã làm nên vẻ đẹp phong phú của mảnh đất Tây Đô. Vào ngày 61/06/1993 Chùa Ông đã được xếp hạng là Di tích Lịch sử – Văn hóa cấp quốc gia.\r\n',0,'2020-05-21 09:22:34'),(54,54,1,'Đình Bình Thủy – ngôi đình cổ nổi tiếng nhất Cần Thơ','Với những giá trị tinh hoa của văn hóa sông nước miệt vườn Cần Thơ nói riêng và Miền Tây Nam Bộ nói chung Đình Bình Thủy là một công trình mang đậm giá trị kiến trúc nghệ thuật cổ truyền của người Việt trong những năm tháng khai hoang ở miền Tây Nam Bộ, với những họa tiết trang trí, khắc gỗ tinh tế và sinh động.','https://www.chudu24.com/wp-content/uploads/2018/04/binh-thuy-4.jpg\r\n','Nằm bên cạnh rạch Long Tuyền, thuộc phường Bình Thủy, quận Bình Thủy, Tp.Cần Thơ, đình Bình Thủy là một công trình lịch sử rất tiêu biểu cho giai đoạn khai hoang lập cư của người dân miền Tây Nam Bộ vào thế kỷ 19. Từ trung tâm Tp.Cần Thơ bạn đi khoảng 5km theo đường Nguyễn Trãi qua đường Cách Mạng Tháng Tám và Lê Hồng Phong là sẽ tới đình Bình Thủy.\r\nVào năm 1844 khi có nạn lũ lụt hoành hành dữ dội ở làng Bình Hưng, làm nhà cửa ruộng vườn tiêu tan, người dân địa phương lập nên ngôi đình bằng tre gỗ lợp lá tại vòm rạch Bình Hưng, thờ Thành hoàng của làng, cầu mong mưa thuận gió hòa. Năm 1852, quan Khâm sai Huỳnh Mẫn Đạt đi tuần trên một hải thuyền, khi đến ngang Cồn Linh thì gặp trận cuồng phong, may mắn nhờ ẩn nấp tại vàm rạch Bình Hưng nên vô sự. Thoát nạn, ông đã cho tổ chức tiệc mừng cùng bà con địa phương và đổi lại tên đất này là Bình Thủy.\r\nLúc hồi triều, ông đã tấu trình lên vua Tự Đức, xin ban sắc phong cho thần Thành hoàng làng. Kể từ đó, làng có tên mới là Bình Thủy, và đình thần Bình Thủy đã được xây lại khang trang hơn.\r\nCứ hàng năm, nơi đây thường diễ ra ngày lễ Thượng điền (12/14 tháng 4 âm lịch), lễ Hạ điền (14/15 tháng chạp) rất đông vui, náo nhiệt với các tiết mục diễn xướng và trò chơi dân gian như: hát bội, thả vịt, kéo co, nữ công gia chánh… được duy trì từ xưa cho đến ngày nay, thu hút đông đảo người dân tham gia.\r\n',0,'2020-05-21 09:22:34'),(55,55,1,'Về Tây Đô ghé thăm Thiền Viện Trúc Lâm Phương Nam','Vùng đất xứ Tây Đô (Cần Thơ) từ lâu luôn là vùng đất giàu truyền thống văn hóa lịch sử cùng với đó du lịch Tây Đô luôn mang cho mình một nét đặc trưng rất riêng của vùng miền sông nước.','https://thamhiemmekong.com/wp-content/uploads/2019/05/thienvientruclamphuongnam.jpg\r\n','Đến với nơi đây, bạn như được trở về với những điều thanh bình nhất, giản dị nhất. Với những bạn nào đang muốn tìm về một chốn tâm linh, thanh tịnh, Thiền viện trúc lâm Phương Nam chính là nơi bạn nên ghé qua.\r\nTọa lạc tại trong khu di tích lịch sử Lộ Vòng Cung – ấp Mỹ Nhơn – xã Mỹ Khánh – huyện Phong Điền, cách trung tâm Tp.Cần Thơ khoảng 15km. Kiến trúc Thiền viện Trúc Lâm Phương Nam được xây dựng theo lối kiến trúc văn hóa Lý – Trần. Phần chánh điện được lợp ngói tám mái theo phong cách thời vua triều Trần, phần Tổ điện lợp ngói bốn mái theo phong cách thời nhà Lý. Lầu chuông, lầu trống được xây theo tháp chuông Chùa Keo ở Thái Bình. Tất cả những hạng mục trên đều được hoàn thiện từ khoảng 1.000 khối gỗ lim được nhập từ Nam Phi trực tiếp.\r\n',0,'2020-05-21 09:26:26'),(56,56,1,'Đảo Nam Cát “thiên đường” giữa lòng Cát Bà','Nằm trong khu vực vịnh Lan Hạ thuộc quần đảo Cát Bà, đảo Nam Cát là một điểm đến mới được nhiều du khách chú ý với vẻ nét hoang sơ và quyến rũ nằm ẩn mình giữa hàng ngàn hòn đảo lớn nhỏ đa dạng hình thù, đay sẽ là điểm đến được săn lùng trong thời gian tới.','https://cdn.vietnammoi.vn/stores/news_dataimages/hangtt/062018/06/10/4755_du-lich-hai-phong-13-9-2017-nam-cat-3.jpg\r\n','Nằm trong khu vực vịnh Lan Hạ thuộc quần đảo Cát Bà – huyện Cát Hải – Tp.Hải Phòng. Đảo Nam Cát là một hòn đảo nhỏ nằm cách bến Bèo của thị trấn Cát Bà chừng 5km về phía Đông Nam, Nam Cát nằm giữa hàng ngàn hòn đảo nhỏ khác liền kề nhau tạo nên một cảnh sắc thiên nhiên đẹp nên thơ, hút hồn du khách.\r\nNếu bạn đang tìm một điểm du lịch biển với khung cảnh thiên nhiên hoang sơ, yên bình thì đảo Nam Cát chính là một trong những lựa chọn tuyệt vời cho du khách, nhất là với những du khách yêu thích khám phá thiên nhiên biển đảo.\r\n',0,'2020-05-21 09:26:26'),(57,57,1,'Bảo Hà – làng nghề tạc tượng hơn 500 năm tuổi','Làng Bảo Hà thuộc địa phận xã Đông Minh – huyện Vĩnh Bảo – Tp.Hải Phòng. Làng Bảo Hà nổi tiến có nghề truyền thống điêu khắc tượng tới nay đã hơn 500 năm tuổi.','https://gotrangtri.vn/wp-content/uploads/2018/12/lang-tac-tuong-bao-ha-1.jpg\r\n','Làng tạc tượng Bảo Hà được xem như là cái nôi của nghề tạc tượng tại Việt Nam. Theo như truyền thuyết được lưu truyền tại làng thì vào thế kỷ thứ XV, khi nhà Minh sang đô hộ Việt Nam (1407 – 1427) đã bắt thanh niên trai tráng đưa sang Trung Quốc làm việc tại các xưởng sản xuất, xây dựng lăng tẩm, đền đài. Một trong số những thanh niên ngày đó bị bắt có Nguyễn Công Huệ – người đã học được nghề tạc tượng và sản mài. Sau khi hồi hương, Nguyễn Công Huệ đã truyền lại nghề này cho người dân trong làng. Khi ông mất, dân làng Bảo Hà nhớ ơn lập miếu, tạc tượng và tôn thờ ông như tổ sư của nghề.\r\nBên canh nghề làm tạc tượng, nơi này còn có nghề chạm khắc và biểu diễn quân rối cạn. Các cụ cao niên trong làng kể lại rằng: Sự ra đời của nghệ thuật rối cạn cổ truyền làng Bảo Hà xuất phát chính nghề chạm khắc tượng rất nổi tiếng gần xa của làng. Từ hàng trăm năm trước, các bức tượng của làng Bảo Hà đã nổi tiếng, từ đó làng nhận nhiều “đơn đặt hàng” làm quân rối cho các phường rối. Người dân trong làng thấy thú vị và nghĩ đến việc xây dựng một phường rối cạn để phục vụ đời sống tinh thần cho chính dân làng mình, từ đó nghề rối đã ra đời.\r\nĐến với làng tạc tượng Bảo Hà, bạn sẽ được tìm hiểu về quy trình sản xuất một bức tượng. Bên cạnh đó còn có thể thưởng thức rối nước của phường rối nước Minh Tân do nghệ nhân Đào Minh Tuân thành lập và đang hoạt động như một mô hình mới trong công tác bảo tồn vốn văn hóa cổ truyền…\r\n',0,'2020-05-21 09:26:26'),(58,58,1,'Thiêng liêng cột cờ Lũng Cú','Bạn đã từng đến điểm cực nào ở nước ta chưa? Bạn đã từng đứng trên độ cao hơn 1700m cùng với lá cờ tổ quốc tung bay chưa? Nếu chưa bạn hãy đến với cột cờ Lũng Cú.','https://haiquanonline.com.vn/stores/news_dataimages/hungdn/042019/25/14/in_article/3527_7-0807_cYt_cY_1.jpg\r\n','Lũng Cú là cực bắc của nước ta với vĩ độ 23023’B thuộc huyện Đồng Văn, tỉnh Hà Giang. Lũng Cú cách thành phố Hà Giang gần 200km, cách Đồng Văn độ chừng 30km đường đèo. Đường đến Lũng Cú chênh vênh giữa đất trời, không gian thoáng đãng, vực cao vút ngút ngàn mây núi. Con đường đèo Tây Bắc hút hồn bao người lữ khách du lịch.\r\nCột cờ Lũng Cú, phấp phới trên đỉnh là cờ đỏ sao vàng – niềm tự hào máu thịt quốc gia. Lá cờ đỏ sao vàng thiêng liêng cùng diện tích 54m2 – con số tượng trưng cho 54 dân tộc anh em đang cùng chung sống. Biết bao tâm sức, biết bao thông điệp truyền tải trong dáng cột cờ. Từ trên đỉnh cột cờ Lũng Cú hãy bạn có thể ngắm nhìn trọn vẹn khung cảnh thiên nhiên núi non hùng vĩ, trùng điệp này. Đồng thời ngắm toàn cảnh đời sống, ruộng nương, bản làng của đồn bào các dân tộc thiểu số giản dị, mộc mạc mà sao thấy đẹp đến nao lòng.\r\nĐứng dưới lá cờ đỏ sao vàng phấp phới tung bay nơi địa đầu Tổ quốc, du khách có những cảm xúc thiêng liêng khó tả. Vang vọng đâu đó là tiếng trống từ ngàn đời xưa, đất nước hiện lên qua những trang sử vàng thiêng liêng, hào hùng. Đây sẽ là một trải nghiệm đặc biệt, đi để khám, để hiểu được tiếng nói của cha ông, của những thế hệ đi trước đã bảo vệ và giữ gin sông núi ngày nay.\r\n',0,'2020-05-22 14:26:26'),(59,59,1,'Dừng chân tại Cổng trời Quản Bạ','Đến với mảnh đất Hà Giang nơi đại đầu Tổ Quốc, dừng chân bên Cổng Trời, ngắm núi sông kì thú, lắng nghe những bản tình ca của người xưa, ta càng thấy tựu hào về đất nước tươi đẹp với biết bao kiệt tác mà tạo hóa đã ban tặng.','https://cdn.voh.com.vn/voh/thumbnail/2019/09/13/congtroiquangbahagiang_20190913103600.jpg\r\n','Cách Hà Giang khoảng 46km về phía Bắc, Cổng trời Quảng Bạ là cửa ngõ đầu tiên vào công viên địa chất toàn cầu cao nguyên đá Đồng Văn. Cổng trời Quản Bạ nằm trên đỉnh cao nhất của con đèo từ Hà Giang lên Quản Bạ, nó cao khoảng 1500m so với mặt biển và được dựng một cánh cửa khổng lồ bằng gỗ nghiến dày 150cm ở ngay Cổng trời. Đây là địa điểm lý tưởng tốt nhất để bạn có cơ hội chiêm ngưỡng vẻ đẹp của bức tranh thiên nhiên kỳ vỹ.\r\nĐể lên được cổng trời bạn sẽ vượt qua một con đường khúc khuỷu, quanh co và gập ghềnh nằm ở lưng chừng của ngọn núi đá cao. Con đường lúc lọt giữa hẻm núi sâu, hai vách dựng đứng, lúc chênh vênh giữa đỉnh trời, mở ra bức tranh đồng quê thanh bình, đầm ấm. Cổng trời Quản Bạ còn được ví như một Đà Lạt ở phía Bắc với khí hậu trong lành, mát mẻ và cảnh đẹp thiên nhiên hữu tình. Mỗi điểm đến ở quản Bạ đều mang một nét đẹp riêng, đặc trưng của vùng Tây Bắc.\r\nĐến với mảnh đất Hà Giang nơi đại đầu Tổ Quốc, dừng chân bên Cổng Trời, ngắm núi sông kì thú, lắng nghe những bản tình ca của người xưa, ta càng thấy tựu hào về đất nước tươi đẹp với biết bao kiệt tác mà tạo hóa đã ban tặng.\r\n',0,'2020-05-21 09:26:26'),(60,60,1,'Phố cổ Đồng Văn – Nét rêu phong vùng cao nguyên','Đến với du lịch Hà Giang, bạn sẽ dễ dàng bị hớp hồn bởi khu phố cổ Đồng Văn không những mang vẻ đẹp cổ kính mang đậm lối kiến trúc cổ kính rêu phong mà còn có nét văn hóa đặc trưng của vùng Cao nguyên đá.','https://dinhgiahotel.com/wp-content/uploads/2019/03/12750244_944549188958402_420686327_n_2.jpg\r\n','Phố cổ Đồng Văn nằm ở thị trấn Đồng Văn, huyện Đồng Văn, tỉnh Hà Giang. Khu vực trung tâm thị trấn Đồng Văn xưa thuộc tổng Đông Quan, châu Nguyên Bình, phủ Tường Vân, tỉnh Tuyên Quang và có lịch sử phát triển về kiến trúc, văn hóa hàng trăm năm.\r\nPhố cổ nằm lọt thỏm giữa thung lũng với bốn bề núi đá bao bọc xung quanh. Khu phố cổ vỏn vẹn 40 nóc nhà nằm xếp vào nhau dưới núi đá. Kiến trúc phổ biến là nhà hai tầng trình tường, lợp ngói âm dương. Riêng khu chợ Đồng Văn, còn có nhiều nhà cổ kiểu ống để tận dụng mặt tiền như phố cổ Hà Nội. Đặc trưng nữa dễ nhận thấy ở đây là trước cửa nhà có đèn lồng treo cao để thắp lên khi đêm xuống, xua đi cái lạnh buốt giá của vùng Cao nguyên đá.\r\nVới nét đặc trưng vốn có, những nét đẹp trong nền văn hóa truyền thống đa màu sắc, kiến trúc của người dân phố cổ Đồng Văn đã tạo nên một khung cảnh ấn tượng khó phai cho du khách đến với vùng cao nguyên đá Đồng Văn.\r\n',0,'2020-05-21 09:26:26'),(61,61,1,'Cao nguyên đá Đồng Văn – nét hùng vĩ và tráng lệ nơi địa đầu Tổ quốc','Cao nguyên đá Đồng Văn nơi đá nở trên hoa, nơi trời đất gặp gỡ giao thoa với nhau giữa một khung cảnh núi rừng hùng vĩ xứ Tây Bắc. Đây là một trong những điểm đến mà bạn không thể bỏ qua khi đến với mãnh đất Hà Giang.','https://bizweb.dktcdn.net/100/006/093/files/dongvan.jpg?v=1563961386773\r\n','Cao nguyên đá Đồng Văn nằm ở vùng núi Tây Bắc thuộc tỉnh Hà Giang, có diện tích là 2356.8 km2 và độ cao trung bình khoảng 1400 – 1600m. Cao nguyên có nhiều khu vực núi đá vôi nằm sát chí tuyến Bắc, có độ dốc khá lớn. Vì vậy, các thung lũng, sông, suối bị chia cắt rất nhiều. Cao nguyên đá Đồng Văn là một vùng núi đá hiểm trở, cảnh đẹp tráng lệ và đầy ấn tượng.\r\nCao nguyên đá Đồng Văn mùa nào cũng đẹp không chỉ bởi phong cảnh kì vỹ, văn hóa dân tộc độc đáo mà còn chính bởi những món ăn đặc sắc ghi dấu trong lòng du khách và nếu có dịp đến với mãnh đất Đồng Văn thì các bạn đừng quên thưởng thức những món ngon nơi đây như: thịt trâu gác xếp, thịt lợn cắp nách, xôi bảy màu, rau cải mèo, măng nứa, thắng cổ, bánh ngô, thắng dền,… là những món ăn nên ăn thử khi đến du lịch nơi đây.\r\n',0,'2020-05-21 09:26:26'),(62,62,1,'Đảo Hòn Sẹo – Hoang sơ và kỳ thú','Du lịch đến Quy Nhơn, Bình Định để trải nghiệm với biển và đảo. Và Hòn Sẹo Quy Nhơn chắc chắn là điểm đến không thể bỏ qua bởi sự hoang sơ, kỳ bí mà nó đem lại. Nơi mà con người không ngự trị!','https://cdn.vntrip.vn/cam-nang/wp-content/uploads/2018/03/1-hon-seo-vntrip-e1521534511658.jpg\r\n','Hòn Sẹo tọa lạc trên bán đảo Phương Mai, thuộc xã Nhơn Lý, thành phố Quy Nhơn, tỉnh Bình Định. Là một trong những hòn đảo tiềm năng của du lịch Bình Định. Hòn Sẹo thu hút khách du lịch bởi nét đặc trưng hoang sơ mà nó mang lại.\r\nDu khách có thể đi bằng dịch vụ ghe thuyền của các doanh nghiệp lữ hành hoặc thuê của các ngư dân đánh bắt cá tại Nhơn Lý. Nếu xuất phát từ Nhơn Lý, chỉ cần 20 phút có thể đến Hòn Sẹo. Trên đường đến Hòn Sẹo bạn có thể thấy được những địa điểm tuyệt vời trên bán đảo Phương Mai như: Eo Gió, Đảo Yến…Còn xuất phát từ Quy Nhơn thì cần phải mất hơn 60 phút để đến với Hòn Sẹo.\r\n',0,'2020-05-21 09:26:26'),(63,63,1,'Khám phá Cù Lao Xanh Quy Nhơn','Là một trong những cù lao xinh đẹp của Việt Nam Cù Lao Xanh Quy Nhơn sở hữu trong mình những nét đẹp hoang sơ, mộc mạc. Nơi này luôn là điểm đến luôn được khách du lịch lựa chọn làm điểm đến trong những chuyến du lịch hè của mình.','https://lengkeng2.com/wp-content/uploads/2019/09/dao-cu-lao-xanh.jpg\r\n','Cù Lao Xanh (thuộc Đảo Nhơn Châu) hay còn được gọi là Đảo Vân Phi. Đây là một hải đảo nằm gần Vịnh Xuân Đài, xã Nhơn Châu, thành phố Quy Nhơn, tỉnh Bình Định. Đảo cách Quy Nhơn khoảng 17km. Đảo có diện tích khoảng 364ha với dân số trên đảo khoảng 3000 người.\r\nTừ Quy Nhơn có thể di chuyển đến bến tàu Hàm Tử bằng taxi hoặc xe máy, từ đây sẽ bắt đầu đi Cù Lao Xanh (tàu xuất bến lúc 8:00 và 13:00). Nếu đi tàu gỗ sẽ mất khoảng 2 giờ để đến nơi, còn đi bằng tàu cao tốc thì chỉ khoảng 50 phút. Còn đi về lại đất liền thì tàu sẽ bắt đầu đi lúc 7:00 và 15:00.\r\nKhi bước chân lên đảo, bạn sẽ thấy một hòn đảo toàn màu xanh. Xanh của vùng nước biển và xanh của cây cối um tùm… Không khí trong lành thật sự là một liều thuốc giúp bạn tràn đấy sức sống.\r\n',0,'2020-05-21 09:26:26'),(64,64,1,'Kinh nghiệm du lịch Kỳ Co – thiên đường của vùng đất nắng và gió Quy Nhơn','Là một điểm đến rất nổi tiếng trong thời gian gần đây của du lịch Quy Nhơn. Kỳ Co mang đến một sự lôi cuốn riêng với vẻ đẹp sơn thủy hữu tình của vùng đất hoang sơ, đầy nắng gió đây chính là một thiên đường Maldives “phiên bản Việt”.','https://pystravel.vn/uploads/posts/avatar/1551950050.jpg\r\n','Là một trong những bãi biển đẹp nhất của du lịch Quy Nhơn nên không hề thiếu nhiều trò hay cho bạn chơi và khám phá với những dãy núi cao, bãi cát trắng trải dài, nước biển trong xanh có thể nhìn thấy đáy,… Bạn cũng có thể đi dạo, tắm biển, ngắm cảnh lúc bình minh hay hoàng hôn,… chỉ cần vậy thôi mà Kỳ Co đã khiến khách du lịch say như điếu đổ rồi đấy.\r\nĐến Kỳ Co thì hải sản luôn là sự lựa chọn số một. Hải sản sau khi được ngư dân đánh đem về cảng sẽ được chế biến ngay sau khi đánh bắt để giữ được độ thơm ngon của hải sản. Đến đây rồi thì bạn đừng nên bỏ qua một số món hải sản ngon ở đây như: bào ngư, mực khô một nắng, mực tươi, cua biển, tôm hùm, nhum… với giá chỉ từ 280k – 330k.\r\nHải sản ở đây vừa tươi, vừa ngon và giá lại chẳng hề quá đắt đỏ như nhiều nơi khác nên bạn cứ mạnh dạn ăn thật nhiều bạn nhé!\r\n',0,'2020-05-21 09:26:26');
/*!40000 ALTER TABLE `postsreview` ENABLE KEYS */;
UNLOCK TABLES;

--
-- Table structure for table `role`
--

DROP TABLE IF EXISTS `role`;
/*!40101 SET @saved_cs_client     = @@character_set_client */;
/*!40101 SET character_set_client = utf8 */;
CREATE TABLE `role` (
  `id_role` int(11) NOT NULL AUTO_INCREMENT,
  `role` varchar(255) CHARACTER SET utf8 COLLATE utf8_unicode_ci NOT NULL,
  PRIMARY KEY (`id_role`)
) ENGINE=InnoDB AUTO_INCREMENT=5 DEFAULT CHARSET=utf8 COLLATE=utf8_unicode_ci;
/*!40101 SET character_set_client = @saved_cs_client */;

--
-- Dumping data for table `role`
--

LOCK TABLES `role` WRITE;
/*!40000 ALTER TABLE `role` DISABLE KEYS */;
INSERT INTO `role` VALUES (1,'admin'),(2,'user');
/*!40000 ALTER TABLE `role` ENABLE KEYS */;
UNLOCK TABLES;

--
-- Table structure for table `tourtravel`
--

DROP TABLE IF EXISTS `tourtravel`;
/*!40101 SET @saved_cs_client     = @@character_set_client */;
/*!40101 SET character_set_client = utf8 */;
CREATE TABLE `tourtravel` (
  `id_tour` int(11) NOT NULL AUTO_INCREMENT,
  `id_city` int(11) NOT NULL,
  `nametour` varchar(255) CHARACTER SET utf8 COLLATE utf8_general_ci NOT NULL,
  `details` text CHARACTER SET utf8 COLLATE utf8_unicode_ci NOT NULL,
  `enddate` date DEFAULT NULL,
  `pricetour` float NOT NULL,
  PRIMARY KEY (`id_tour`),
  KEY `tourtravel_citytravel_id_city_fk` (`id_city`),
  CONSTRAINT `tourtravel_citytravel_id_city_fk` FOREIGN KEY (`id_city`) REFERENCES `citytravel` (`id_city`)
) ENGINE=InnoDB AUTO_INCREMENT=9 DEFAULT CHARSET=utf8 COLLATE=utf8_unicode_ci;
/*!40101 SET character_set_client = @saved_cs_client */;

--
-- Dumping data for table `tourtravel`
--

LOCK TABLES `tourtravel` WRITE;
/*!40000 ALTER TABLE `tourtravel` DISABLE KEYS */;
INSERT INTO `tourtravel` VALUES (1,3,'Tour Hà Nội - Đà Nẵng 5N4D: Hội An - Bà Nà (Cầu Vàng) - Huế - Động Phong Nha (VT)','Du khách sẽ không ngừng thổn thức bởi...\r\n- Hội An với Chùa Cầu Nhật Bản, Nhà Cổ hàng trăm năm tuổi, Hội Quán Phước Kiến & Xưởng thủ công mỹ nghệ.\r\n- Lưu lại những bức ảnh để đời ở cầu Bàn Tay Vàng trên Bà Nà Hills\r\n- Thưởng thức Ca Huế trên Sông Hương\r\n- Động Thiên Đường: Hoàng cung lòng đất sở hữu kỳ quan tráng lệ và huyền ảo bậc nhất thế giới. \r\n- Khám phá Đại Nội Huế với những kiến trúc độc đáo còn lại thời nhà Nguyễn.\r\n','2020-07-21',3650000),(2,3,'Tour Hà Nội - Đà Nẵng 4N3D: Hội An - Bà Nà - Huế - Động Phong Nha/Thiên Đường (VT)','Du khách sẽ không ngừng thổn thức bởi...\r\n- Hội An với Chùa Cầu Nhật Bản, Nhà Cổ hàng trăm năm tuổi, Hội Quán Phước Kiến & Xưởng thủ công mỹ nghệ.\r\n- Lưu lại những bức ảnh để đời ở cầu Bàn Tay Vàng trên Bà Nà Hills\r\n- Thưởng thức Ca Huế trên Sông Hương\r\n- Động Thiên Đường: Hoàng cung lòng đất sở hữu kỳ quan tráng lệ và huyền ảo bậc nhất thế giới. \r\n- Khám phá Đại Nội Huế với những kiến trúc độc đáo còn lại thời nhà Nguyễn.\r\n','2020-07-21',3250000),(3,4,'Tour Hà Nội - Nha Trang 4N3D: Trải Nghiệm Đẳng Cấp','Với tour này quý khách được nghỉ dưỡng cao cấp và sang trọng bởi:\r\n- Vinpearl Resort Nha Trang là sản phẩm đầu tiên của Vinpearl, khá yên tĩnh, được xây dựng với kiến trúc Chăm, hồ bơi có hình vòng cung. \r\n- Tọa lạc ngay trung tâm “con đường vàng” Trần Phú của thành phố Nha Trang, InterContinental Nha Trang là khách sạn mới nhất thuộc chuỗi thương hiệu InterContinental® tại Việt Nam. \r\n- Tour Lặn biển snorkeling thỏa sức khám phá đời sống của các loài động vật dưới đáy biển.\r\n','2020-08-21',3620000),(4,5,'Tour Hà Nội - Phú Quốc 3N2D: Khám Phá Thiên Đường Biển Đảo','Phú Quốc được mệnh danh là thiên đường nghỉ dưỡng với...\r\n- Làng Chài Hàm Ninh: Nơi đây phong phú nhiều về các loại hải sản tươi sống như ghẹ, cua, ốc nhảy, bào ngư, cá ngựa,…\r\n- Suối Tranh: Đến đây Quý khách thỏa sức khám phá leo núi và ngâm mình vào dòng nước trong mát, ngắm dòng suối đẹp như một bức tranh.\r\n- Bãi Sao: Đắm mình cùng làn nước trong mát của biển xanh cát trắng của bãi biển đẹp nhất Phú Quốc và là điểm đến không thể thiếu trong mọi hành trình khám phá Đảo Ngọc.\r\n- Di tích lịch sử nhà tù Phú Quốc: minh chứng hùng hồn cho công cuộc đấu tranh đầy gian khổ và tinh thần bất khuất của nhân dân ta trong các cuộc đấu tranh chống thực dân Pháp và Đế quốc Mĩ.\r\n','2020-08-21',2200000),(5,5,'Tour Hà Nội - Phú Quốc 4N3D: Khám Phá Đảo Ngọc Thiên Đường Của Biển','Phú Quốc được mệnh danh là thiên đường nghỉ dưỡng với...\r\n- Làng Chài Hàm Ninh: Nơi đây phong phú nhiều về các loại hải sản tươi sống như ghẹ, cua, ốc nhảy, bào ngư, cá ngựa,…\r\n- Suối Tranh: Đến đây Quý khách thỏa sức khám phá leo núi và ngâm mình vào dòng nước trong mát, ngắm dòng suối đẹp như một bức tranh.\r\n- Bãi Sao: Đắm mình cùng làn nước trong mát của biển xanh cát trắng của bãi biển đẹp nhất Phú Quốc và là điểm đến không thể thiếu trong mọi hành trình khám phá Đảo Ngọc.\r\n- Di tích lịch sử nhà tù Phú Quốc: minh chứng hùng hồn cho công cuộc đấu tranh đầy gian khổ và tinh thần bất khuất của nhân dân ta trong các cuộc đấu tranh chống thực dân Pháp và Đế quốc Mỹ.\r\n','2020-08-21',3280000),(6,15,'Tour Hà Nội - Phú Yên 4N3D: Hà Nội - Quy Nhơn - Phú Yên','Liên tuyến Quy Nhơn - Phú Yên hấp dẫn khách bởi: \r\n- Danh Thắng Eo Gió - Một ghềnh đá quanh năm lộng gió. Đứng trên Eo Gió, phóng tầm mắt ra xa, quý khách chiêm ngưỡng bao quát cả vùng biển bao la rộng lớn, đắm say lòng người. Eo Gió, được mệnh danh Nơi Ngắm Hoàng Hôn Đẹp Nhất Việt Nam.\r\n- KDL đảo Kỳ Co – Hòn Khô (Giá tour chưa bao gồm chi phí đi Kỳ Co – Hòn Khô), với làn nước trong vắt, cát trắng, trải nghiệm cảm giác lặn biển ngắm rạn san hô.\r\n- Hải Đăng Mũi Điện, giao lưu nhân viên trực Hải Đăng, chụp hình tại cột mốc điểm cực đông, ngắm nhìn toàn cảnh trên độ cao 110m so với mặt nước biển. Từ trên cao ngắm Bãi Môn xinh đẹp.\r\n','2020-08-21',5780000),(7,4,'Tour Hà Nội - Nha Trang 4N3D: Hà Nội - Nha Trang - Đà Lạt','Nét đẹp riêng của Thành Phố Biển và Thành Phố Mùa Xuân có những gì:\r\n- Tháp Bà Ponagar: Một công trình kiến trúc cổ của người Chăm để lại trên đất Nha Trang. Đoàn chụp hình lưu niệm và thăm quan khu di tích.\r\n- Hòn Mun: Quý khách tham quan, bơi lặn trực tiếp hoặc đi tàu đáy kính, lặn bình Oxy ngắm nhìn những mảng san hô và các loài sinh vật biển quý hiếm tại khu Bảo tồn biển lớn nhất Việt Nam.\r\n- Vinpearl Land – Hòn Ngọc Việt (quý khách tự trả phí cáp treo) với các trò chơi như: Quay nhào lộn, xem phim 4D, khám phá thủy Cung…\r\n- Nhà thờ Con Gà, nhà thờ Domain, Biệt điện Bảo Đại khi đến Đà Lạt.\r\n- Trúc Lâm Thiền viện, ngắm cảnh Hồ Tuyền Lâm với Núi voi, thác Datanla.\r\n','2020-08-21',6490000),(8,10,'Tour Hà Nội - Hạ Long 2N1D: Hà Nội - Hạ Long Du Thuyền 3*','Hạ Long khiến cho du khách ngẩn ngơ quên mất lối về bởi...\r\n- Vịnh Hạ Long: với vẻ đẹp “thoát tục” của vịnh nước trong xanh in bóng những núi đá vôi nhiều hình dáng, những động thạch nhũ tuyệt đẹp, bãi tắm hoang sơ luôn có sức hút đối với mọi du khách trong và ngoài nước.\r\n- Hòn Trống Mái (hòn Gà Chọi): nằm gần hòn Đỉnh Hương ở phía Tây Nam của vịnh cách cảng tàu du lịch Bãi Cháy khoảng 5km. Đây là cụm đảo có hình thù như một đôi gà một trống một mái chiều cao khoảng 10m chân thót lại dưới tư thế rất chênh vênh là biểu tượng trên logo của vịnh Hạ Long, đây cũng là biểu tượng trong sách hướng dẫn du lịch của Việt Nam.\r\n- Hang Sửng Sốt: một hang rộng và đẹp vào bậc nhất của vịnh Hạ Long và đây cũng là nơi tập trung nhiều đảo đá có hình dáng đặc sắc không nơi nào có được. Đường lên hang Sửng Sốt luồn dưới những tán lá rừng, những bậc đá ghép cheo leo, du khách vừa có được cái thú của người leo núi, vừa có cái háo hức như đang đi lên trời.\r\n','2020-08-21',2250000);
/*!40000 ALTER TABLE `tourtravel` ENABLE KEYS */;
UNLOCK TABLES;
/*!40103 SET TIME_ZONE=@OLD_TIME_ZONE */;

/*!40101 SET SQL_MODE=@OLD_SQL_MODE */;
/*!40014 SET FOREIGN_KEY_CHECKS=@OLD_FOREIGN_KEY_CHECKS */;
/*!40014 SET UNIQUE_CHECKS=@OLD_UNIQUE_CHECKS */;
/*!40101 SET CHARACTER_SET_CLIENT=@OLD_CHARACTER_SET_CLIENT */;
/*!40101 SET CHARACTER_SET_RESULTS=@OLD_CHARACTER_SET_RESULTS */;
/*!40101 SET COLLATION_CONNECTION=@OLD_COLLATION_CONNECTION */;
/*!40111 SET SQL_NOTES=@OLD_SQL_NOTES */;

-- Dump completed on 2020-05-22 16:21:24
